V1;V2;V3;V4;V5;V6
12;12_72_1858;0;98.88;Eukaryota|Rhizaria|Cercozoa|Filosa-Sarcomonadea|Glissomonadida|Sandonidae|Sandonidae_X;>EU709182.2.1294_U;CTGCGGTAATTCCAGCTCCAATAGCGTATATTAAAGTTGCTGCAGTTAAAAAGCTCGTAGTTGGATTTCTGGCCTGAAACATTTTGCCGGCCACGGTTTCGTGTGTTAGTGCTTTGTGTTCTGGCCATCCTTCCAATCGCTATTCAGCTTTCTTCATTGATTGTTGAGTGGTATTGGATCTTTTACTTTGAAAAAATTAGAGTGTTTCAAGCAGGCTTTATGCTATGAATACATTAGCATGGAATAATAATTTAGGACTTCGGTTCTATTTTGTTGGTTTCTAGGACTGAAGTAATGATTGATAGGGATAGTTGGGGGTGCTAGTATTCAGCGGCCAGAGGTGAAATTCTCGGATTCGCTGAAGACTAACTTATGCGAAAGCATTCACCAAGGATGTCTTCTTTAATCAAGAACGAAAGTTGGGGGATCGAAGACGATCAGATACCAT
22;22_126_3886;0;99.78;Eukaryota|Rhizaria|Cercozoa|Filosa-Thecofilosea|Cryomonadida|Rhogostoma-lineage|Rhogostoma-lineage_X;>HM628658.1.1579_U;CTGCGGTAATTCCAGCTCCAAGAGCATATATTAAAGTTGTTGCAGTTAAAAAGCTCGTAGTTGGATTTCTGGTTTAATGCACCTGGCCCGCGGCCACTAGGCTTGTGAGTGCCGGCGCGCGTTTACCATCCTTCTAGAAAACGATTCTGCCATTCACTTGGTTGGGATCGCGATCTAGATCTTTTACTTTGAAAAAATTAGAGTGTTTAAAGCAGGCTTTTGCTATGAATACATTAGCATGGAATAATAATCTAGGACTTCGGTTCTATTTTGTTGGTTTCTATAACTGAAGTAATGATTGATAGGGATAGTTGGGGGTGCTAGTATTGGCCGGCCAGAGGTGAAATTCTTGGATTCGGTCAAGACTAACTTATGCGAAAGCATTCACCAAGGATGTCTTCTTTAATCAAGAACGAAAGTTGGGGGATCGAAGACGATCAGATACCGT
28;28_145_1181;0;99.12;Eukaryota|Stramenopiles|Stramenopiles_X|Oomycota|Oomycota_X|Oomycota_XX|Oomycota_XXX;>EF023596.1.1812_U;CTGCGGTAATTCCAGCTCCAATAGCGTATATTAAAGTTGTTGCAGTTAAAAAGCTCGTAGTTGGATTTCTGTTTTGAGCGTCCGGTCGGCTCCCTCTGGGAGTGTGTACTTTTGCGACGTTCGAGGCATTTTTTGTGAGGACGCTTTTCTGCCATTAAGTTGGTGGTTTGGTGGACTTGCATCGTTTACTGTGAAAAAATTAGAGTGTTTAAAGCAGGCGTTTGCTCATTGAATACATTAGCATGGAATAATAAGATACGACCTTGGTGGTCTATTTTGTTGGTTTGCACACCAGGGTAATGATTAATAGGGACAGTTGGGGGTATTCATATTTCAGCGTCAGAGGTGAAATTCTTGGATCGCTGAAAGATGAGCTTAGGCGAAAGCATTTACCAAGGATGTTTTCATTAATCAAGAACGAAAGTTAGGGGATCGAAGACGATCAGATACCGT
29;29_151_950;0;99.77;Eukaryota|Rhizaria|Cercozoa|Filosa-Sarcomonadea|Cercomonadida|Cercomonadidae|Eocercomonas;>HM536152.1.1799_U;CTGCGGTAATTCCAGCTCCAATAGCGTATATTAAAATTGTTGCAGTTAAAAAGCTCGTAGTTGGATTTCTGGCTTGGTGCGCGCTGTCCGCCAAGGTTTCTTGGTGTGTACAGAAGTGCGCCTGCCATCCTTCCGGAAAATGACTCTACCCTTCACTGGGCCGGGGTCACTTCTGGATCATTTACTTTGAAAAAATTAGAGTGTTCAAAGCAGGCTTGCGCTATGAATACATTAGCATGGAATAATAATTTAGGACTTCTGTTCTATTTTGTTGGTTTCTAGGATGGAAGTAATGATTGATAGGGATAGTTGGGGGTGCTAGTATTCCGCGGCCAGAGGTGAAATTCTTGGATTCGCGGAAGACTAACTTATGCGAAAGCATTCACCAAGGATGTCTTCTTTAATCAAGAACGAAAGTTGGGGGATCGAAGACGATCAGATACCAT
38;38_204_815;0;82.29;Eukaryota|Amoebozoa|Conosa|Variosea|Variosea_X|Schizoplasmodiids|Ceratiomyxella;>FJ544419.1.1883_U;CTGCGGTAATTCCAGCTCCAATAGCGTATATTAAAGTTGTTGCAGTTAAAAAGCTCGTAGTTGGATTTTAGGGTAACTTCGACTCCTTGCCTCGCCGGTAGGTGAGTTTGCAGGGGTTGATTACTCTTTATATATCTTCCGAGACGCACTAGCCTGCTCTTAATTGAGTGGGTTAGGGGTTTTGGATCGTTTACTTTGAAAAAATTAGGGTGTTTAAAGCAGGCTACATTTATGCCTTGAATAGATTAGCATGGGATAATAGAATAGGACTTCTCTTTCTTTTTGGTTAGTTTCAGAAAAAGGGGTAATGATAAATAGGAACGGTCGGGGTTATTCATATTTAATTGTCAGAGGTGAAATTCTTAGATTTTTTAAAGATGAACCTATGCGAAAGCATCTAACAAGGACGCTTTCATTGATCAAGAACGAAAGTTAGGGGATCGAAGACGATCAGATACCGT
46;46_274_759;0;94.48;Eukaryota|Rhizaria|Cercozoa|Endomyxa-Phytomyxea|Plasmodiophorida|Plasmodiophoridae|Plasmodiophora;>U18981.1.3026_R;CTGCGGTAATTCCAGCTCCAGTAGCGTATATTAAAGTTGTTGCAGTTAAAAAGCTCGTAGTTGGACTTGTGTGCGTTGCTGTTCAGCGGTCTGCATTCAAAAGAGTGTTACGACATGCGGCAGTGGCGCCGTAAAATCTTCAACTGGATCGTAACTGGACTTAATTGCCTGGTTGCAGTCATTCGGTTGATCGTTTACTGTGAGAAAATTAGAGTGTTCAAGGCAGGCATTATTGCAATTGAATATGTTAGCATGGAATAATAAGATAAGGCTTTCGCGTTTATTTTGTTGGTTTCTAGATCGGAAGTAATGATTGATAGGGACAGTTGGGGGTGCTAGTATTCAGCGGCCAGAGGTGAAATTCATGGATTCGCTGAAGACTAACTTATGCGAAAGCATTCACCAAGGATGTCCTCTTTAATCAAGAACGAAAGTTGGGGGATCGAAGACGATCAGATACCGT
59;59_351_901;0;97.98;Eukaryota|Rhizaria|Cercozoa|Filosa-Thecofilosea|Cryomonadida|Rhogostoma-lineage|Rhogostoma-lineage_X;>EF023895.1.1551_U;CTGCGGTAATTCCAGCTCCAAGAGCATATATTAAAGTTGTTGCAGTTAAAAAGCTCGTAGTTGGACTTCTGGTTTAATGCACCTGGCCCGCGGCCTTTTAGGCCTGTGAGTGCCGGCGCGCGTTTACCATCCTTCTAGGAAACGAGTCTTCCCTTAACTGGGCCGGATTCGGGATCTAGATCATTTACTTTGAAAAAATTAGAGTGTTTAAAGCAGGCTTATGCTATGAATACATTAGCATGGAATAATAATCTAGGACTTCGGTTCTATTTTGTTGGTTTCTATAACTGAAGTAATGATTGATAGGGATAGTTGGGGGTGCTAGTATTGGCCGGTCAGAGGTGAAATTCTTGGATTCGGTCAAGACTAACTTATGCGAAAGCATTCACCAAGGATGTCTTCTTTAATCAAGAACGAAAGTTGGGGGATCGAAGACGATCAGATACCGT
77;77_538_576;0;99.77;Eukaryota|Rhizaria|Cercozoa|Filosa-Sarcomonadea|Cercomonadida|Paracercomonadidae|Paracercomonas;>EF024284.1.1806_U;CTGCGGTAATTCCAGCTCCAATAGCGTATATTAAAGTTGTTGCAGTTAAAAAGCTCGTAGTTGGATTTCTGGTACGGTGCGCCTGGCCCACGGTCGCAAGATCGCGAGTGTCGGTGTGCGCCTGCCATCTTTCTAGTTAACCGGACGCACTTAACTGGGCGGTCGGCGATCTAGTTCATTTACTTTGAAAAAATTAGAGTGTTTAAAGCAGGCTTGCGCTATGAATACATTAGCATGGAATAATAATTTAGGACTTTGCTTCTATTTTATTGGTTTCTAGGAGTAAAGTAATGATTGATAGGGATAGTTGGGGGTGCTAGTATTCATCGGCCAGAGGTGAAATTCTTGGATTCGATGAAGACTAACTAATGCGAAAGCATTCACCAAGGATGTCTTCTTTAATCAAGAACGAAAGTTGGGGGATCGAAGACGATCAGATACCAT
80;80_568_1643;0;93.88;Eukaryota|Amoebozoa|Lobosa|Tubulinea|Nolandida|Nolandellidae|Nolandellidae_X;>AF372795.1.1605_U;CTGCGGTAATTCCAGCTCCAATAGTGTATATTAAAGTTGCTGCGGTTAAAAAGCTCGTAGTTGGATTTCGAAAGTGTTAGTGTCAAAGCTCGCCCTTGTGGTGTGGCTCGATACTCCCTTTCTATTATTGGATAGTGGGCAACCGCTTCCAATCATTTACTTTGAAAAAATTAGAGTGTTCAAAGCAGGCGTAACCTTGCCATTGAATATTACAGCATGGGATAATAGAATATGACGTTGGTCTTATTTTGTTGGTTTCTAAGGCTGATGTAATGATTAATAGGGATAGTTGGGGTCGCTCGTATTGAGTTGTCAGAGGTGAAATTCTAGGATTTACTCAAGACGAACTAATGCGAAAGCATTCGACAAGGATGTTTTCATTAATCAAGAACGAAAGTTGGGGGATCGAAGACGATCAGATACCAT
81;81_570_580;0;89.67;Eukaryota|Amoebozoa|Conosa|Variosea|Variosea_X|Mb5C-lineage|Mb5C-lineage_X;>HE575399.1.1900_U;CTGCGGTAATTCCAGCTCCAATAGCGTATATTAAAGTTGTTGCAGTTAAAAAGCTCGTAGTTGGATTTTGGGATGTACTTTCAAGAGGATCGGTCTGCCTCCACGTGAGGTGTGCACTGTCCTCGACATCCTTCCAGCGGGTCTTGGTTCTATCTGCCCTTAACTGGGTGGGTAGATACCTCCCGCTCGTTTACTTTGAAAAAATTAGAGTGTTTAAAGCAGGCGGTCTCCGCCACTGAATACATTAGCATGGGATAATGGAATAGGATTGTCTTTCCGATTTCGTTGGTTTCCGGAACGGACGATAATGATTAATAGAGATAGTTGGGGACATTTATATTCCATGGTCAGAGGTGAAATTCTTGGATTCATGGAAGATAAACAAGTGCGAAAGCATTTGTCAAGGATGTTTTCATTAATCAAGAACGAAAGTTAGGGGATCGAAGACGATCAGATACCAT
83;83_596_598;0;97.28;Eukaryota|Alveolata|Ciliophora|Litostomatea|Haptoria|Spathidiidae|Arcuospathidium;>JF263442.1.1639_U;CTGCGGTAATTCCAGCTCCAATAGCGTATATTAAAGTTGTTGCAGTTAAAAAGCTCGTAGTTGGATTTCAAGGGACGCAGTATGAACTCATACTGCCCCCTACCAGTCTTTGACTGTTACTGTGAGAAAATTAGAGTGTTTCAAGCAGGCTGTTGCAGGAATACATTAGCATGGAATAACGAATGTGTCTAGAATCTTGGTTAATTCTAGATTTCGATTAATAGGGACAGTTGGGGGCATTAGTATTTAATTGTCAGAGGTGAAATTCTTGGATTTGTTAAAGACTAACGTATGCGAAAGCATTTGCCAAAGATGTTTTCATTAATCAAGAACGAAAGATAGGGGATCAAAGACGATCAGATACCAT
89;89_625_1034;0;95.75;Eukaryota|Amoebozoa|Lobosa|Tubulinea|Nolandida|Nolandellidae|Nolandellidae_X;>AF372795.1.1605_U;CTGCGGTAATTCCAGCTCCAATAGTGTATATTAAAGTTGCTGCGGTTAAAAAGCTCGTAGTTGGATTTCGGGGGCATTCAGGCCAAAGCTCGTCCTTGTGGCGTGGCTGGGTCTGGGCTTCCTACGTTTGGATAGTGGGCAACCGCTTCCAATCATTTACTTTGAAAAAATTAGAGTGTTCAAAGCAGGCGTAACCTTGCCATTGAATATTACAGCATGGGATAATAGAATATGACGTTGGTCTTATTTTGTTGGTTTCTAAGGCTGATGTAATGATTAATAGGGATAGTTGGGGTCGCTCGTATTGAGTTGTCAGAGGTGAAATTCTAGGATTTACTCAAGACGAACTAATGCGAAAGCATTCGACAAGGATGTTTTCATTAATCAAGAACGAAAGTTGGGGGATCGAAGACGATCAGATACCAT
98;98_728_883;0;93.41;Eukaryota|Amoebozoa|Lobosa|Tubulinea|Nolandida|Nolandellidae|Nolandellidae_X;>AF372795.1.1605_U;CTGCGGTAATTCCAGCTCCAATAGTGTATATTAAAGTTGCTGCGGTTAAAAAGCTCGTAGTTGGATTTCGAAAGTGTTAGTGTCAAAGTTCGCCCTTGTGGTGTGACTCGATACTCCCTTTCTATTATTGGATAGTGGGCAACCGCTTCCAATCATTTACTTTGAAAAAATTAGAGTGTTCAAAGCAGGCGTAACCTTGCCATTGAATATTACAGCATGGGATAATAGAATATGACGTTGGTCTTATTTTGTTGGTTTCTAAGGCTGATGTAATGATTAATAGGGATAGTTGGGGTCGCTCGTATTGAGTTGTCAGAGGTGAAATTCTAGGATTTACTCAAGACGAACTAATGCGAAAGCATTCGACAAGGATGTTTTCATTAATCAAGAACGAAAGTTGGGGGATCGAAGACGATCAGATACCAT
100;100_734_587;0;93.05;Eukaryota|Rhizaria|Cercozoa|Filosa-Imbricatea|Thaumatomonadida|Peregriniidae|Peregrinia;>EF023480.1.1801_U;CTGCGGTAATTCCAGCTCCAATAGCGTATATTAAAGTTGTTGCAGTTAAAAAGCTCGTAGTTGGATTTCTGGTATAGTGCGCTTGGCCCGCCAGGTTTTCCTGTGTGAGTGCCGATGCGCGCTTATCATCTTTCTGGAGAACGTTCCTGCCCTTTACTGGGTTGGGTTCGCAATCCAGAACATTTACTTTGAAAAAATTAGGGTGTTTAAAGCAGGCGTGAGTTATGAATACATTAGCATGGAATAATGAGAGAGGACTTGGGTTTTATTTTATTGGTTAGAGGAGCTTAAGTAATGGTTGACAGGGATTGTTGGGGGTGCTAGTATTCAGCGGCCAGAGGTGAAATTCTTGGATTCGCTGAAGACTAACTTATGCGCAAGCATTCACCAAGGATGTTTTCTTTAATCAAGAACGAAAGTTGGGGGATCGAAGACGATCAGATACCGT
117;117_845_466;0;100;Eukaryota|Rhizaria|Cercozoa|Filosa-Sarcomonadea|Cercomonadida|Cercomonadidae|Eocercomonas;>AY884327.1.1071_U;CCGCGGTAATTCCAGCTCCAATAGCGTATATTAAAATTGTTGCAGTTAAAAAGCTCGTAGTTGGATTTCTGGCTTGGTGCGCGCCGTCCGCTGCGGTTACGTAGTGTGTGCGGTTGTGCGCCTGCCATCTTTCTAGACATCATGCTGCGCCCTTCACTGGGTGGCAGGTGGTGGCTGGATCTTTTACTTTGAAAAAATTAGAGTGTTCAAAGCAGGCTTGCGCTATGAATACATTAGCATGGAATAATAATTTAGGACTTCTGTTCTATTTTGTTGGTTTCTAGGATGGAAGTAATGATTGATAGGGATAGTTGGGGGTGCTAGTATTCAGCGGCCAGAGGTGAAATTCTCGGATTCGCTGAAGACTAACTTATGCGAAAGCATTCACCAAGGATGTCTTCTTTAATCAAGAACGAAAGTTGGGGGATCGAAGACGATCAGATACCAT
118;118_862_835;0;99.33;Eukaryota|Rhizaria|Cercozoa|Filosa-Sarcomonadea|Glissomonadida|Sandonidae|Sandona;>EU709139.1.1192_U;CTGCGGTAATTCCAGCTCCAATAGCGTATATTAAAGTTGCTGCAGTTAAAAAGCTCGTAGTTGGATTTCTGGCTTGAAACATTATGCCGGCCACGGTTTCGTGTGTCAGTGCATGATGTTCTGGCCATCCTTCCAATCGCTATTGGCTTATCTTCATTGATAGGTCAGTAGTATTGGATCTTTTACTTTGAAAAAATTAGAGTGTTTCAAGCAGGCTTTATGCTATGAATACATTAGCATGGAATAATAATTTAGGACTTCGGTTCTATTTTGTTGGTTTCTAGGACTGAAGTAATGATTGATAGGGATAGTTGGGGGTGCTAGTATTCAGCGGCCAGAGGTGAAATTCTCGGATTCGCTGAAGACTAACTTATGCGAAAGCATTCACCAAGGATGTCTCCTTTAATCAAGAACGAAAGTTGGGGGATCGAAGACGATCAGATACCAT
119;119_864_538;0;99.78;Eukaryota|Rhizaria|Cercozoa|Filosa-Sarcomonadea|Cercomonadida|Cercomonadidae|Cercomonas;>EF024505.1.1819_U;CTGCGGTAATTCCAGCTCCAATAGCGTATATTAAAATTGTTGCAGTTAAAAAGCTCGTAGTTGGATTTCTGGTTCGGCGCACTTGGCCCGTCTCGGTTTACGAGATTGTGTGCCGGTGTGCGCCATCCATCCTTCGATGAATCTCTGTTCTACCCTTCATTGGGTGTGTTCAGATTTAGGTTCTCGATCTTTTACTTTGAAAAAATTAGAGTGTTTAAAGCAGGCTTGCGCTATGAATACATTAGCATGGAATAATAATTTAGGACTTTGGTCTTATTTTGTTGGTTTCTAGGACTAAAGTAATGATTGATAGGGACAGTTGGGGGTGCTAGTATTCAGCGGCCAGAGGTGAAATTCTTGGATTCGCTGAAGACTAACTTATGCGAAAGCATTCACCAAGGATGTCTTCTTTAATCAAGAACGAAAGTTGGGGGATCGAAGACGATCAGATACCGT
120;120_865_601;0;99.78;Eukaryota|Rhizaria|Cercozoa|Filosa-Sarcomonadea|Cercomonadida|Cercomonadidae|Neocercomonas;>AY496048.1.1352_U;CTGCGGTAATTCCAGCTCCAATAGCGTATATTAAAATTGTTGCAGTTAAAAAGCTCGTAGTTGGATTTCTGGTATGGCGCACTTGGCCCGCCAAGGTTACTTGGTTGTGTGCCGGTGTGCGCCTGCCATCCTTCTGGGGAACGGCTCTACCCTTCACTGGGTGGGAGTCGGTATCCAGATCTTTTACTTTGAAAAAATTAGAGTGTTTAAAGCAGGCTTACGCTATGAATACATTAGCATGGAATAATAATTTAGGACTTTGGTCTTATTTTGTTGGTTTCTAGGACTAAAGTAATGATTGATAGGGATAGTTGGGGGTGCTAGTATTCAGCGGCCAGAGGTGAAATTCTTGGATTCGCTGAAGACTAACTTATGCGAAAGCATTCACCAAGGATGTCTTCTTTAATCAAGAACGAAAGTTGGGGGATCGAAGACGATCAGATACCAT
122;122_883_655;0;99.78;Eukaryota|Rhizaria|Cercozoa|Filosa-Thecofilosea|Cryomonadida|Rhogostoma-lineage|Rhogostoma-lineage_X;>EF025015.1.1805_U;CCGCGGTAATTCCAGCTCCAAGAGCATATATTAAAGTTGTTGCAGTTAAAAAGCTCGTAGTTGGATTTCTGGTTTAATGCACCTGGCCCGCGGCCTCTAGGCTTGTGAGTGCCGGCGCGCGTTTACCATCCTTCTAGAAAACGATTCTGCCATTAACTTGGTTGGGATCGCGATCTAGATCTTTTACTTTGAAAAAATTAGAGTGTTTAAAGCAGGCTTTTGCTATGAATACATTAGCATGGAATAATAATCTAGGACTTCGGTTCTATTTTGTTGGTTTCTATAACTGAAGTAATGATTGATAGGGATAGTTGGGGGTGCTAGTATTGGCCGGCCAGAGGTGAAATTCTTGGATTCGGTCAAGACTAACTTATGCGAAAGCATTCACCAAGGATGTCTTCTTTAATCAAGAACGAAAGTTGGGGGATCGAAGACGATCAGATACCGT
124;124_892_625;0;99.77;Eukaryota|Rhizaria|Cercozoa|Filosa-Sarcomonadea|Cercomonadida|Paracercomonadidae|Paracercomonas;>FJ790721.1.1734_U;CTGCGGTAATTCCAGCTCCAATAGCGTATATTAAAGTTGTTGCAGTTAAAAAGCTCGTAGTTGGATTTCTGGTATGGTGCGCCTGGCCCACGGTTGCAAAACCGCGAGTGTCGGTGTGCGCCTGCCATCTTTCTAGTTAACTGGACGCACTTAACTGGGCGGTCAGCGATCTAGATCTTTTACTTTGAAAAAATTAGAGTGTTTAAAGCAGGCTTGCGCTATGAATACATTAGCATGGAATAATAATTTAGGACTTTATTCCTATTTATTGGTTTCTGGAGTAGAGTAATGATTGATAGGGATAGTTGGGGGTGCTAGTATTCATCGGCCAGAGGTGAAATTCTTGGATTCGATGAAGACTAACTAATGCGAAAGCATTCACCAAGGATGTCTTCTTTAATCAAGAACGAAAGTTGGGGGATCGAAGACGATCAGATACCAT
126;126_905_567;0;99.55;Eukaryota|Rhizaria|Cercozoa|Filosa-Thecofilosea|Cryomonadida|Rhogostoma-lineage|Rhogostoma-lineage_X;>EF023295.1.1806_U;CTGCGGTAATTCCAGCTCCAAGAGCATATATTAAAGTTGTTGCAGTTAAAAAGCTCGTAGTTGGATTTCTGGTTTAATGCACCTGGCCCGCGGCCATTAGGCTTGTGAGTGCCGGCGCGCGTTTACCATCCTTCTAGAAAACGATTCTGCCATTCACTTGGTTGGGATCGCGATCTAGATCTTTTACTTTGAAAAAATTAGAGTGTTTAAAGCAGGCTTTTGCTATGAATACATTAGCATGGAATAATAATCTAGGACTTCGGTTCTATTTTGTTGGTTTCTATAACTGAAGTAATGATTGATAGGGACAGTTGGGGGTGCTAGTATTGGCCGGCCAGAGGTGAAATTCTTGGATTCGGTCAAGACTAACTTATGCGAAAGCATTCACCAAGGATGTCTTCTTTAATCAAGAACGAAAGTTGGGGGATCGAAGACGATCAGATACCAT
127;127_911_1317;0;100;Eukaryota|Alveolata|Ciliophora|Spirotrichea|Hypotrichia|Oxytrichidae|Stichotrichia;>AB449362.1.1451_U;CCGCGGTAATTCCAGCTCCAATAGCGTATATTAAAGTTGTTGCAGTTAAAAAGCTCGTAGTTGGACTTCTGGGAGGATGCCAATGTCCGCTCGTTAGCGTGTGCAGCGGCGTCCTTCCATCCTTCTGTTAACGTTTCTTGGTATTCACTTACTGGTTTCGGGCTCAGATATTTTACCTTGAGAAAATTAGAGTGTTTCAGGCAGGCTTGCGCCGGAATACATTAGCATGGAATAATAGAATAGGACTTTAGTCTCCTTTGTTGGTTTGAGGGACTGAAGTAATGATTAATAGGGATAGTTGGGGGCATTAGTATTTAATTGTCAGAGGTGAAATTCTCGGATTTGTTAAAGACTAACTTATGCGAAAGCATTTGCCAAGGATGTTTTCATTAATCAAGAACGAAAGTTAGGGGATCAAAGACGATCAGATACCGT
133;133_948_557;0;99.09;Eukaryota|Rhizaria|Cercozoa|Filosa-Thecofilosea|Cryomonadida|Rhogostoma-lineage|Rhogostoma-lineage_X;>AY620264.1.1260_U;CTGCGGTAATTCCAGCTCCAAGAGCATATATTAAAGTTGTTGCAGTTAAAAAGCTCGTAGTTGGACTTCTGGTTTAATGCACCTGGCCCGCGGCCCACAAGGCCTGTGAGTGCCGGCGCGCGTTTACCATCCTTCCAGCAACGGCTACCCTTAACTGGGCGGCTGGAACTGGATCTTTTACTTTGAAAAAATTAGAGTGTTTAAAGCAGGCGTTTGCTCTGAATACATTAGCATGGAATAATAATCTAGGACTTCGGTTCTATTTTGTTGGTTTCTATAACTGAAGTAATGATTGATAGGGATAGTTGGGGGTGCTAGTATTGGCCGGTCAGAGGTGAAATTCTTGGATTCGGTCAAGACTAACTTATGCGAAAGCATTCACCAAGGATGTCTTCTTTAATCAAGAACGAAAGTTGGGGGATCGAAGACGATCAGATACCGT
144;144_1017_439;0;82.68;Eukaryota|Alveolata|Apicomplexa|Apicomplexa_X|Gregarines|Gregarines_X|Psychodiella;>GQ329865.1.1752_U;CTGCGGTAATTCCAGCTCTAATAGCGTATATTAAAGTTGTTGCAGTTGAAACGCTCGTAGTTGAACGTAAGCAAATTTCTTCATCGTTGCTTTTTGGCAATGGTGAAGATTTCTTACTCGGTCTATTTTGTTCGCAAAGCAGATCGAGTACGTTACTGTAAGAAAATTAGAGTGTTTCAAGCAGGCGTTTTGCCTTGAATACTTTATTATGGAATAACATCATGATTTGATTTTTCTCGCGTCGGTTCTTGGAAAATCAATTAGTGATTGAAAGAGACAGTCGGGGGCATTCGTATTTGGTAGCTAGAGGTGAAATTCTTAGATTTATCAAAGACGCACTATTGCGAAAGCATTTGCCAAGGATGTTCTCATTAATCAAGAACGAAAGTTAGGGGATCGAAGACGATCAGATACCAT
145;145_1018_404;0;96.49;Eukaryota|Amoebozoa|Lobosa|Lobosa_X|Lobosa_XX|LKM74-lineage|LKM74-lineage_X;>AY919786.1.1863_U;CTGCGGTAATTCCAGCTCTAATAGCGTATATTAAAGTTGTTGCAGTTAAAAAGCTCGTAGTTGGATTTCGGCGTGCGCTCAGGCTGGTCGGCCGTCATGGTCTGTACCGTTTGGGTCACGCCCCACTGTAGGATACTCACCGCTGTCCTTAACTGGGTGGCGGTCAAAGGTTGCAGTGCATGGGGGCAACTCTGTCGCTGCCGCTGGGGTTCCTACTCTTTTACTTTGAGCAAATTAGAGTGTTCAAAGCAGGCAATCGAGCCTTGAATACTTCAGCATGGGATAATGGAACAGGACTGGGATCCTGATTTCGTTGGTTTCTAGGGTCTTAGTAATGATTAATAGGGATAGTTGGGGGCATTAGTATTTAATTGTCAGAGGTGAAATTCTTGGATTTATGAAAGACTAACTTCTGCGAAAGCATTTGCCAAGGATGTTTTCATTAATCAAGAACGAAAGTTAGGGGATCGAAGACGATCAGATACCAT
159;159_1132_703;0;99.78;Eukaryota|Rhizaria|Cercozoa|Filosa-Thecofilosea|Cryomonadida|Rhogostoma-lineage|Rhogostoma-lineage_X;>AB534325.1.1630_U;CCGCGGTAATTCCAGCTCCAAGAGCATATATTAAAGTTGTTGCAGTTAAAAAGCTCGTAGTTGGATTTCTGGTTTAATGCACCTGGCCCGCGGCCAATAGGCTTGTGAGTGCCGGCGCGCGTTTACCATCCTTCTAGAAAACGATTCTGCCATTCACTTGGTTGGGACCGCGATCTAGATCTTTTACTTTGAAAAAATTAGAGTGTTTAAAGCAGGCTTTTGCTATGAATACATTAGCATGGAATAATAATCTAGGACTTCGGTTCTATTTTGTTGGTTTCTATAACTGAAGTAATGATTGATAGGGATAGTTGGGGGTGCTAGTATTGGCCGGCCAGAGGTGAAATTCTTGGATTCGGTCAAGACTAACTTATGCGAAAGCATTCACCAAGGATGTCTTCTTTAATCAAGAACGAAAGTTGGGGGATCGAAGACGATCAGATACCGT
170;170_1201_721;0;94.95;Eukaryota|Alveolata|Apicomplexa|Apicomplexa_X|Colpodellidae|Colpodellidae_X|Colpodellidae_XX;>EF100235.1.1360_U;CTGCGGTAATTCCAGCTCCAATAGCGTATATTAAAGTTGTTGCAGTTAAAAAGCTCGTAGTTGAATTTCTGTTTGTTACGCGTTCGAAGCCATTCGGCAACGAGCGAGTGCAAGCATTCTTCTACTCCTGGGGTAACCCAGCGCGGTAGAGCCTTTACTTTGAGAAAATTAGAGTGTTTCAAGCAAGCTTCGCTTTGAATACTACAGCATGGAATAATACAATAGGACTTTAGGCCTATTTGTTGGTTTCAGGCCTGAAGTAATGATTAATAGGGACAGTTGGGGGCATTCGTATTGGAGAGTCAGCGGTGAAATGCGATGATTTCTTCAAGACGAACTACTGCGAAAGCATTTGCCAAAGATGTTTTCATTAATCAAGAACGAAAGTTAGGGGATCGAAGACGATCAGATACCGT
174;174_1229_971;0;87.24;Eukaryota|Rhizaria|Cercozoa|Endomyxa|Vampyrellida|op14-lineage|op14-lineage_X;>AB622340.1.1685_U;CCGCGGTAATTCCAGCTCCAATAGCGTATATTAAAGTTGTTGCAGTTAAAAGGCTCGTAGTCGAACTTTTGGTTCTTTAGTCTTGTCCCGTTCTCTTGTAGAACGTTGTGACGAGTCTTAGAACCTTCCTGGTTGAAAGCGCTTCTGCCCTTTATTGGGTTGGTTGTGTGATCTGCCTCTTTTACTGTGAGAAAAACAAAGTGCTCAAAGCAGGCTTTACAGCTTGAATGCGTTAGCATGGAATAATAAGATAGGACTTTGTTTCTATTTTGTTGGCTCTGAGGAACAAAGTAATGATTGATAGGGATAGTTGGGGGTGCTCGTATTTAACGGTCAGCGGTGAAATGCATGGACCCGTTAAAGACGAACCTATGCGAAAGCATTCACCAAGGATATCTTCTTTGATCAAGAACGAAAGTTGGGGGATCGAAGACGATCAGATACCAT
183;183_1272_424;0;99.33;Eukaryota|Rhizaria|Cercozoa|Filosa-Sarcomonadea|Cercomonadida|Cercomonadidae|Neocercomonas;>AY496048.1.1352_U;CTGCGGTAATTCCAGCTCCAATAGCGTATATTAAAATTGTTGCAGTTAAAAAGCTCGTAGTTGGATTTCTGGTATGGCGCACTTGGCCCGCCGAGGTTACTCGGTTGTGTGCCGGTGTGCGCCTGCCATCCTTCTGGGGAACGGCTCTACCCTTCACTGGGTGGGAGTCGGTATCCAGATCTTTTACTTTGAAAAAATTAGAGTGTTTAAAGCAGGCTTACGCTATGAATACATTAGCATGGAATAATAATTTAGGACTTTGGTCTTATTTTGTTGGTTTCTAGGACTAAAGTAATGATTGATAGGGATAGTTGGGGGTGCTAGTATTCAGCGGCCAGAGGTGAAATTCTTGGATTCGCTGAAGACTAACTTATGCGAAAGCATTCACCAAGGATGTCTTCTTTAATCAAGAACGAAAGTTGGGGGATCGAAGACGATCAGATACCAT
185;185_1308_541;0;99.78;Eukaryota|Rhizaria|Cercozoa|Filosa-Sarcomonadea|Glissomonadida|Glissomonadida_X|Glissomonadida_XX;>AB695519.1.1774_U;CTGCGGTAATTCCAGCTCCAGTAGCGTATATTAAAGTTGTTGCAGTTAAAAAGCTCGTAGTTGGATTTCTGGTTTGATATGCCTGGCCCGCCACGGTTACGTGTGTGAGTGCCGGTGCGTGTCTGCCATCCTTCTGGAAAACGTGTCTACCCTTCACTGGGCCGGATACGCGATCCAGATCATTTACTTTGAAAAAATTAGAGTGTTTAAAGCAGGCTTTTTGCTATGAATACATTAGCATGGAATAATAATTTAGGACTTTGGCCCTATTTTGTTGGTTTCTAGGACTGAAGTAATGATTGATAGGGATAGTTGGGGGTGCTCGAATTCAGCGGCCAGAGGTGAAATTCTTGGATTCGCTGAAGACGAACTCATGCGAAAGCATTCACCAAGGATGTCTTCTTTAATCAAGAACGAAAGTTGGGGGATCGAAGACGATCAGATACCAT
186;186_1309_321;0;99.33;Eukaryota|Rhizaria|Cercozoa|Filosa-Sarcomonadea|Glissomonadida|Glissomonadida_X|Glissomonadida_XX;>AB695519.1.1774_U;CTGCGGTAATTCCAGCTCCAGTAGCGTATATTAAAGTTGTTGCAGTTAAAAAGCTCGTAGTTGGATTTCTGGTTTGACATGCCTGGCCCGCCACGGTTACGTGTGTGAGTGCCGGCGCGTGTCTGCCATCCTTCTGGAAAACGTGTCTACCCTTCACTGGGCCGGATACGCGATCCAGATCATTTACTTTGAAAAAATTAGAGTGTTTAAAGCAGGCTTTTTGCTATGAATACATTAGCATGGAATAATAATTTAGGACTTTGGCCCTATTTTGTTGGTTTCTAGGACTGAAGTAATGATTGATAGGGATAGTTGGGGGTGCTCGAATTCAGCGGCCAGAGGTGAAATTCTTGGATTCGCTGAAGACGAACTCATGCGAAAGCATTCACCAAGGATGTCTTCTTTAATCAAGAACGAAAGTTGGGGGATCGAAGACGATCAGATACCGT
187;187_1314_526;0;94.68;Eukaryota|Amoebozoa|Lobosa|Tubulinea|Leptomyxida|Flabellulidae|Paraflabellula;>AY121847.1.1794_U;CTGCGGTAATTCCAGCTCCAATAGTGTATACTAAAGTTGCTGCAGTTAAAAAGCTCGTAGTTGGATTTCGGTTAATGGGAAGTTAGTCCACTTAATATATAAGTGCGAACTGACGTCCTATTTCCTTCTTTTCAGATATACAATTTATTGTGTTCTGAATCTTTTACTTTGAGAAAATTAGAGTGTTCAAAGCAGGCGTAACCAAGCCTTTGAATATATTAGCATGGGATAATGGAATAAGACTTTTTGCCTTATTTTCGTTGGTTCTTTGAGGCTAAAGTAATGATTAATAGGGATAGTTGGGGTCATTAGTATTTAATTGTCAGAGGTGAAATTCTAAGATTTATTAAAGACTAACTACTGCGAAAGCATTTGACAAGGATGTTTTCATTAATCAAGAACGAAAGTTGGGGGATCGAAGACGATCAGATACCAT
193;193_1371_577;0;100;Eukaryota|Rhizaria|Cercozoa|Filosa-Sarcomonadea|Cercomonadida|Cercomonadidae|Cercomonas;>AB534514.1.1620_U;CCGCGGTAATTCCAGCTCCAATAGCGTATATTAAAATTGTTGCAGTTAAAAAGCTCGTAGTTGGATTTCTGGTTTGGTGCGCGCGGTCCGCTGCGGTTTCGTAGCGTGTGCTGTTGTGCGCCTGCCATCGTTTGAGGCAGGGGCGTGCTCTTCACTGGGTGCGTCTTTATCTCAATCTTTTACTTTGAAAAAATTAGAGTGTTCAAAGCAGGCTTGCGCTATGAATACATTAGCATGGAATAATAATATAGGACTTCTGTTCTATTTTGTTGGTTTCTAGGATGGAAGTAATGATTGATAGGGACAGTTGGGGGTGCTAGTATTCAGAGGCCAGAGGTGAAATTCTTGGATTCTCTGAAGACTAACTTATGCGAAAGCATTCACCAAGGATGTCTTCTTTAATCAAGAACGAAAGTTGGGGGATCGAAGACGATCAGATACCGT
204;204_1447_1036;0;99.55;Eukaryota|Stramenopiles|Ochrophyta|Chrysophyceae|Chrysophyceae_X|Chrysophyceae_Clade-C|Chrysophyceae_Clade-C_X;>DQ388562.1.1646_U;CCGCGGTAATTCCAGCTCCAATAGCGTATACTAAAGTTGTTGCAGTTAAAAAGCTCGTAGTTGAATTTCTGGTCTTGGATTTCGGTCTGCCTCAAACGAGGTATGTACCAGGGATCTGAGACCATCCTCGAGGAAAACATGTCTGTCATTCAGTTAATGGGCATGGGATCCTCGTCATTTACTGTGAGCAAAATAGGGTGTTCAAAGCAGGCTTATGCCGTTGAATACATTAGCATGGAATAATAAGATAAGACCTTGGTCTATTTTGTTGGTTTGTACTCCAAGGTAATGATTAATAGGGATAGTTGGGGGTATTCGTATTCAATTGTCAGAGGTGAAATTCTTGGATTTATGGAAGACGAACTACTGCGAAAGCATTTACCAAGGATGTTTTCATTAATCAAGAACGAAAGTTAGGGGATCGAAGACGATCAGATACCAT
234;234_1566_514;0;99.78;Eukaryota|Rhizaria|Cercozoa|Filosa-Sarcomonadea|Glissomonadida|Sandonidae|Sandonidae_X;>EU709188.21.1290_U;CTGCGGTAATTCCAGCTCCAATAGCGTATATTAAAGTTGCTGCAGTTAAAAAGCTCGTAGTTGGATTTCTGGCTTGAAACATTTTGCCGGCCACGGTTTCGTGTGTTAGTGCATTATGTTCTGGCCATCCTTCCAATCGCTATTTGCCTTTCTTCATTGATTGGTAAGTGGTATTGGATCTTTTACTTTGAAAAAATTAGAGTGTTTCAAGCAGGCTTTATGCTATGAATACATTAGCATGGAATAATAATTTAGGACTTCGGTTCTATTTTGTTGGTTTCTAGGACTGAAGTAATGATTGATAGGGATAGTTGGGGGTGCTAGTATTCAGCGGCCAGAGGTGAAATTCTCGGATTCGCTGAAGACTAACTTATGCGAAAGCATTCACCAAGGATGTCTTCTTTAATCAAGAACGAAAGTTGGGGGATCGAAGACGATCAGATACCAT
245;245_1617_831;0;93.88;Eukaryota|Amoebozoa|Lobosa|Tubulinea|Nolandida|Nolandellidae|Nolandellidae_X;>AF372795.1.1605_U;CTGCGGTAATTCCAGCTCCAATAGTGTATATTAAAGTTGCTGCGGTTAAAAAGCTCGTAGTTGGATTTCGAAAGTGTTAATGTCAAAGCTCGCCCTTGTGGTGTGGCTCGATATTCCCTTTCTATTATTGGATAGTGGGCAACCGCTTCCAATCATTTACTTTGAAAAAATTAGAGTGTTCAAAGCAGGCGTAACCTTGCCATTGAATATTACAGCATGGGATAATAGAATATGACGTTGGTCTTATTTTGTTGGTTTCTAAGGCTGATGTAATGATTAATAGGGATAGTTGGGGTCGCTCGTATTGAGTTGTCAGAGGTGAAATTCTAGGATTTACTCAAGACGAACTAATGCGAAAGCATTCGACAAGGATGTTTTCATTAATCAAGAACGAAAGTTGGGGGATCGAAGACGATCAGATACCAT
260;260_1746_440;0;98.88;Eukaryota|Rhizaria|Cercozoa|Filosa-Sarcomonadea|Glissomonadida|Sandonidae|Sandonidae_X;>EU709196.1.1230_U;CTGCGGTAATTCCAGCTCCAATAGCGTATATTAAAGTTGCTGCAGTTAAAAAGCTCGTAGTTGGATTTCTGGCTTGAAACATTAAGCCGGCCACGGTTTCGTGTGTTAGTGCTTGATGTTCTGGCCATCCTTCCAATCGCTATTCATCTTTCTTCATTGATGGGTGAGTGGTATTGGATCTTTTACTTTGAAAAAATTAGAGTGTTTCAAGCAGGCTTTATGCTATGAATACATTAGCATGGAATAATAATTTAGGACTTCGGTTCTATTTTGTTGGTTTCTAGGACTGAAGTAATGATTGATAGGGATAGTTGGGGGTGCTAGTATTCAGCGGCCAGAGGTGAAATTCTCGGATTCGCTGAAGACTAACTTATGCGAAAGCATTCACCAAGGATGTCTTCTTTAATCAAGAACGAAAGTTGGGGGATCGAAGACGATCAGATACCGT
269;269_1804_390;0;100;Eukaryota|Rhizaria|Cercozoa|Filosa-Sarcomonadea|Cercomonadida|Cercomonadidae|Cercomonas;>HM536149.1.1813_U;CCGCGGTAATTCCAGCTCCAATAGCGTATATTAAAATTGTTGCAGTTAAAAAGCTCGTAGTTGGATTTCTGGTTCGGCGCACTTGGCCCGTCTCGGTTTACGGGATTGCGTGCCGGTGTGCGCCATCCATCCTTCGGGAAATACACAGCTACCCTTCACTGGGCCGGTTGTGCTATCCCGATCTTTTACTTTGAAAAAATTAGAGTGTTTAAAGCAGGCTTGCGCTATGAATACATTAGCATGGAATAATAATTTAGGACTTTGGTCTTATTTTGTTGGTTTCTAGGACTAAAGTAATGATTGATAGGGACAGTTGGGGGTGCTAGTATTCAGCGGCCAGAGGTGAAATTCTTGGATTCGCTGAAGACTAACTTATGCGAAAGCATTCACCAAGGATGTCTTCTTTAATCAAGAACGAAAGTTGGGGGATCGAAGACGATCAGATACCGT
284;284_1906_365;0;99.55;Eukaryota|Rhizaria|Cercozoa|Filosa-Sarcomonadea|Cercomonadida|Cercomonadidae|Cercomonas;>FJ790680.1.1379_U;CCGCGGTAATTCCAGCTCCAATAGCGTATATTAAAATTGTTGCAGTTAAAAAGCTCGTAGTTGGATTTCTGGTTCGGCGCACTTGGCCCGTCTCGGTTTACGGGATTGCGTGCCGGTGTGCGCCATCCATCCTTCGAGAGAACACTTCTACCCTTTACTGGGTCGGGAGTGCTATCTCGATCTTTTACTTTGAAAAAATTAGAGTGTTTAAAGCAGGCTTGCGCTATGAATACATTAGCATGGAATAATAATTTAGGACTTTGGTCTTATTTTGTTGGTTTCTAGGACTAAAGTAATGATTGATAGGGACAGTTGGGGGTGCTAGTATTCAGCGGCCAGAGGTGAAATTCTTGGATTCGCTGAAGACTAACTTATGCGAAAGCATTCACCAAGGATGTCTTCTTTAATCAAGAACGAAAGTTGGGGGATCGAAGACGATCAGATACCAT
285;285_1923_326;0;93.3;Eukaryota|Amoebozoa|Lobosa|Tubulinea|Leptomyxida|Leptomyxidae|Ripidomyxa;>AY549563.1.1761_U;CTGCGGTAATTCCAGCTCCAATAGTGTATATTAAAGTTGCTGCAGTTAAAAAGCTCGTAGTTGGATTTCGGATTAATGGGAAGTTAGGGTCCATCATTTCGATGTGTACTTTATTCTCGTTTCCTTCCTTTTGAATACACTCCTTAAAATTCTTTTAAGGGTCAAAGTGTTTCAAATCTTTTACTGTGAAGAAATTAGAGTGTTCAAAGCAGGCGTAATCTAGCCTTTGAATATATTAGCATGGGATAATGAAATAGGACTTTAGTACTACTTTCGTTGGTTTCTAGGGCTAAAGTAATGATTAATAGGGATAGTTGGGGTCACTAGTATTTAATTGTCAGAGGTGAAATTCTAAGATTTATTAAAGACTAACTACTGCGAAAGCATTTGACAAGGATGTTTTCATTAATCAAGAACGAAAGTTGGGGGATCGAAGACGATCAGATACCAT
286;286_1924_727;0;99.78;Eukaryota|Rhizaria|Cercozoa|Filosa-Sarcomonadea|Glissomonadida|Allapsidae|Allapsidae_X;>AB695526.1.1759_U;CTGCGGTAATTCCAGCTCCAATAGCGTATATTAATGTTGCTGCAGTTAAAAAGCTCGTAGTTGGATTTCTGACTTGGCGCACCTGGCCCGCCACGGTTACGTGTGTGAGTGCCGGGATGCGCCTGTCACTTTTCTAGTAAACTATTGTGCTCTTCATTGAGTGTGATAGGTAGCTAGATAATTTACTTTGAAAAAATTAGAGTGTTTAAAGCAGGCGTTTGCTATGAATACATTAGCATGGAATAATAACTTAGGACTTCGGTTCTATTTTGTTGGTTTCTAGGACTGAAGTAATGATTGATAGGGATAGTTGGGGGTGCTAGTATTCAGCGGCCAGAGGTGAAATTCTCGGATTCGCTGAAGACTAACTTATGCGAAAGCATTCACCAAGGATGTCTTCTTTAATCAAGAACGAAAGTTGGGGGATCGAAGACGATCAGATACCAT
289;289_1937_357;0;96.74;Eukaryota|Alveolata|Ciliophora|Litostomatea|Haptoria|Haptoria_X|Acaryophrya;>KF733758.1.1595_U;CTGCGGTAATTCCAGCTCCAATAGCGTATATTAAAGTTGTTGCAGTTAAAAAGCTCGTAGTTGGATTTCAAGGAAAGCACTATGGAAACATAGCTGCCTCCTATCAGTCTTTGACTGTTACTGTGAGAAAATTAGAGTGTTTCAAGCAGGCTGTTGCCGGAATACATTAGCATGGAATAACGAATGTGTCTAGAATCTTGGTTAATTCTAGAATACGATTAATAGGGACAGTTGGGGGCATTAGTATTTAATTGTCAGAGGTGAAATTCTTGGATTTGTTAAAGACTAACGTATGCGAAAGCATTTGCCAAGGATGTTTTCATTAATCAAGAACGAAAGATAGGGGATCAAAGACGATCAGATACCGT
296;296_1962_833;0;99.78;Eukaryota|Rhizaria|Cercozoa|Filosa-Sarcomonadea|Glissomonadida|Sandonidae|Sandona;>AM114805.1.2266_U;CTGCGGTAATTCCAGCTCCAATAGCGTATATTAAAGTTGCTGCAGTTAAAAAGCTCGTAGTTGGATTTCTGGACTGAAGCATTTAGCCGGCCGCGGTTTCGCGTGTTAGTGCTGGATGCTCTGTCCATCCTTCCAATCGCTATTGGCTATTCTTCATTGAATGGTCAGTAGTATTGGATCTTTTACTTTGAAAAAATTAGAGTGTTTCAAGCAGGCTTTATGCTATGAATACATTAGCATGGAATAATAATTTAGGACTTCGGTTCTATTTTGTTGGTTTCTAGGACTGAAGTAATGATTGATAGGGATAGTTGGGGGTGCTAGTATTCAGCGGCCAGAGGTGAAATTCTTGGATTCGCTGAAGACTAACTTATGCGAAAGCATTCACCAAGGATGTCTTCTTTAATCAAGAACGAAAGTTGGGGGATCGAAGACGATCAGATACCAT
317;317_2106_300;0;83.78;Eukaryota|Amoebozoa|Conosa|Variosea|Variosea_X|Variosea_XX|Variosea_XXX;>EU545726.1.989_U;CCGCGGTAATTCCAGCTCCAATAGCGTATATTAAAGTTGTTGCAGTTAAAACGCTCGTAGTCGAATTCCAGTAGCTGAAGGATAGTGGTCTGCCGCAAGGTGTGTACTGCTCCTTCACTACTTAATTGTACTGTTGAGTATCGCTAGCCTTAAGTGGCTGGTGGGTACCTACTGTACATCGTTTACTTTGAATAAATTAGAGTGTTTAAAGCAGGCATGCGTAGCCTTGAATACATTAGCATGGGATAATGGAATAGGACTCCACGTCTATTTCGTTGGTTTGGGGACATGGGGTAATGATTAATAGAGACAGTTGGGGCTGTTCGTATTTAATTGTCAGAGGTGAAATTCTTGGATTTATGAAAGACGAACTTCTGCGAAAGCATTCAGCAAGGATGTTTTCATTGATCAAGAACGAAAGTTAAGGGATCGAAGACGATCAGATACCAT
334;334_2212_284;0;97.78;Eukaryota|Rhizaria|Cercozoa|Filosa-Sarcomonadea|Cercomonadida|Cercomonadidae|Cercomonas;>EF024505.1.1819_U;CTGCGGTAATTCCAGCTCCAATAGCGTATATTAAAATTGTTGCAGTTAAAAAGCTCGTAGTTGGATTTCTGGTTCGGCGCACTTGGCCCGTCTCGGTTTACGAGATTGTGTGCCGGTGTGCGCCATCCATCCTTCGATGAATTTCTGGACTTCCCTTCACTGGGCGGTTCAGAGGGATTCTCGATCTTTTACTTTGAAAAAATTAGAGTGTTTAAAGCAGGCTTGCGCTATGAATACATTAGCATGGAATAATAATTTAGGACTTTGGTCTTATTTTGTTGGTTTCTAGGACTAAAGTAATGATTGATAGGGACAGTTGGGGGTGCTAGTATTCAGCGGCCAGAGGTGAAATTCTTGGATTCGCTGAAGACTAACTTATGCGAAAGCATTCACCAAGGATGTCTTCTTTAATCAAGAACGAAAGTTGGGGGATCGAAGACGATCAGATACCAT
335;335_2214_272;0;99.78;Eukaryota|Rhizaria|Cercozoa|Filosa-Sarcomonadea|Cercomonadida|Cercomonadidae|Cercomonas;>AY884325.1.1079_U;CTGCGGTAATTCCAGCTCCAATAGCGTATATTAAAATTGTTGCAGTTAAAAAGCTCGTAGTTGGATTTCTGGTACGGCGCACTTGGCCCGTCTCGGTTACGAGTATGTGTGCCGGTGTGCGCCTGCCATCCATCTAGAATACACTTGTACTACCCTTCACTGGGTCTGAACAAGACTGGATCTAGATCTTTTACTTTGAAAAAATTAGAGTGTTTAAAGCAGGCTTGTGCTATGAATACATTAGCATGGAATAATAATTTAGGACTTTGGTCTTATTTTGTTGGTTTCTAGGACTAAAGTAATGATTGATAGGGATAGTTGGGGGTGCTAGTATTCAGCGGCCAGAGGTGAAATTCTTGGATTCGCTGAAGACTAACTTATGCGAAAGCATTCACCAAGGATGTCTTCTTTAATCAAGAACGAAAGTTGGGGGATCGAAGACGATCAGATACCGT
348;348_2297_322;0;98.87;Eukaryota|Rhizaria|Cercozoa|Filosa-Sarcomonadea|Cercomonadida|Paracercomonadidae|Paracercomonas;>EF024284.1.1806_U;CTGCGGTAATTCCAGCTCCAATAGCGTATATTAAAGTTGTTGCAGTTAAAAAGCTCGTAGTTGGATTTCTGGTACGGTGCGCCTGGCCCACGGTCGCAAGATCGCGAGTGTCGGTGTGCGCCTGCCATCTTTCTAGTTAACCGGACGCACTTAACTGGGCGGTCGGCGATCTAGTTCGTTTACTTTGAAAAAATTAGAGTGTTTAAAGCAGGCTTGCGCTATGAATACATTAGCATGGAATAATAATTTAGGACTTTATTCCTATTTTATTGGTTTCTAGGAGTAAAGTAATGATTGATAGGGATAGTTGGGGGTGCTAGTATTCATCGGCCAGAGGTGAAATTCTTGGATTCGATGAAGACTAACTAATGCGAAAGCATTCACCAAGGATGTCTTCTTTAATCAAGAACGAAAGTTGGGGGATCGAAGACGATCAGATACCAT
360;360_2362_391;0;98.61;Eukaryota|Alveolata|Ciliophora|Spirotrichea|Hypotrichia|Oxytrichidae|Oxytricha;>EF441988.1.1585_U;CCGCGGTAATTCCAGCTCCAATAGCGTATATTAAAGTTGTTGCAGTTAAAAAGCTCGTAGTTGGATTTCTGAGAGGGTGCCAATGTCCGCCTCGATGCGTGTGCAGCGGCGCCCTCTCATCCTTCTGTTAACGTTTCTGATATTCACTTATTGGTCTCGGGCTCAGATATTTTACCTTGAGAAAATTAGAGTGTTCCAGGCAGGCTTGCGCCGGAATACATTAGCATGGAATAATAGAATAGGACTTTAGTCTCCTTTGTTGGTTTGAGGGACTGAAGTAATGATTAATAGGGATAGTTGGGGGCATTAGTATTTAATTGTCAGAGGTGAAATTCTCGGATTTGTTAAAGACTAACTTATGCGAAAGCATTTGCCAAGGATGTTTTCATTAATCAAGAACGAAAGTTAGGGGATCAAAGACGATCAGATACCGT
371;371_2408_357;0;91.24;Eukaryota|Rhizaria|Cercozoa|Filosa-Granofilosea|Desmothoracida|Clathrulinidae|Clathrulinidae_X;>FJ592487.1.1098_U;CCGCGGTAATTCCAGCTCCAATAGCGTATATTAAAGTTGCTGCAGTTAAAAAGCTCGTAGTTGAATTTCTGACCTAACATGCTTAGCCCGACAAGGTTACTTGTTGAGTGCTGAGTCGTGTTTGTCATCCTTCTAGAAAATGTTGTTGCGCTTTACTGCGTTGACAACACTATCTAGATCTTTTACTTTGAAAAAATTAGAGTGTTTAAAGCAGGCTTTTGCTATGAATACATTAGCATGGAATAATAATTTAGGACTTCGGTTCTATTTTGTTGGTTTCTAGGACTGAAGTAATGATTGATAGGGATAGTTGGGGATGCTGATATTCATCGGCCAGAGGTGAAATTCTTGGATTCGATGAAGATCAACTTATGCGAAAGCATTCATCAAGGATATCTTCTTTAATCAAGAACGAAAGTTGGGGGATCGAAGACGATCAGATACCGT
383;383_2444_482;0;92.99;Eukaryota|Rhizaria|Cercozoa|Novel-clade-10-12|Novel-clade-12|NC12B-lineage|NC12B-lineage_X;>FJ153639.1.1238_U;CTGCGGTAATTCCAGCTCCAATAGCGTATATTAAAGTTGTTGCAGTTAAAAAGCTCGTAGTTGGATTTCTGGCTCGGAGCATCTGGCCCGCCTCGAAAGAGTGTGTGTTGTCGGTGTGCTCCGGTCATCCTTCTGGAGAACATCTCTGCCCTTCATTGGGTCGGGGGTGGGATCCAGATCGTTTACTTTGAAAAAATTAGAGTGTTCAAAGCAGGCTTAACGCTGTGAATACATTAGCATGGAATAATAAGATAGGGCTTTGGTACTATTTTGTTGGTTTCTAGGACCAAAGTAATGATTGATAGGGACAGTTGGGGGTGCTAGTATTCAATGGCCAGAGGTGAAATTCTTGGATTCATTGAAGACTAACTTATGCGAAAGCATTCACCAAGGATGTCTTCTTTAATCAAGAACGAAAGTTGGGGGATCGAAGACGATCAGATACCAT
418;418_2626_487;0;99.07;Eukaryota|Alveolata|Ciliophora|Colpodea|Platyophryida|Platyophryidae|Platyophrya;>EF024987.1.1741_U;CTGCGGTAATTCCAGCTCCAATAGCGTATATTAAAGTTGTTGCAGTTAAAAAGCTCGTAGTCGAAGTTCTGGCTGGTCCTGTTTCCGGCTCCGGTCGACTCAGGACCTAGTCATCCGTCGGAGAACTCTTGTCGTCCTTTACTGGTCGCTTGAGGGAACTGACCCTTTACTTTGAAAAAATTAGAGTGTTTCAGGCAGGCTCTCGCCCGAATACTCCAGCATGGAATAATGGAATAGGACTTTCTTCTATTTTGTTGGTTATTAGTAGAAAGTAATGATTAATAGGGACAGTTGGGGGCATTCGTACTTAATTGTCAGAGGTGAAATTCTTGGATTTATTAAAGACGAACTAATGCGAAAGCATTTGCCAAGGATGTTTTCATTGATCAAGAACGAAAGTTAGGGGATCAAAGACGATCAGATACCAT
419;419_2633_281;0;99.33;Eukaryota|Rhizaria|Cercozoa|Filosa-Sarcomonadea|Glissomonadida|Sandonidae|Neoheteromita;>EU709217.1.1190_U;CTGCGGTAATTCCAGCTCCAATAGCGTATATTAAAGTTGCTGCAGTTAAAAAGCTCGTAGTTGGATTTCTGGCTCGATATATTTTGCCGGCCACGGTTTCGTGTGTTAGTGCTTGATATTCTGGCCATCCTTCCAATTGCTATTCATCCTTCTTCATTGAGGTGGTGAGTGGTATTGGATCTTTTACTTTGAAAAAATTAGAGTGTTTCAAGCAGGCTTTATGCTATGAATACATTAGCATGGAATAATAATTTAGGACTTCGGTTCTATTTTGTTGGTTTCTAGGACTGAAGTAATGATTGATAGGGATAGTTGGGGGTGCTAGTATTCAGCGGCCAGAGGTGAAATTCTCGGATTCGCTGAAGACTAACTTATGCGAAAGCATTCACCAAGGATGTCTTCTTTAATCAAGAACGAAAGTTGGGGGATCGAAGACGATCAGATACCAT
432;432_2751_391;0;99.1;Eukaryota|Rhizaria|Cercozoa|Filosa-Sarcomonadea|Glissomonadida|Allapsidae|Allapsidae_X;>AB695526.1.1759_U;CTGCGGTAATTCCAGCTCCAATAGCGTATATTAATGTTGCTGCAGTTAAAAAGCTCGTAGTTGGATTTCTGACTTGGCGCACCTGGCCCGCCACGGTTACGTGTGTGAGTGCCGGGATGCGCCTGTCACTTTTCTAGTAAACTATTATGCTCTTCATTGAGTGTGATAGGTAGCTAGATATTTTACTTTGAAAAAATTAGAGTGTTTAAAGCAGGCGTTTGCTATGAATACATTAGCATGGAATAATAAGTTAGGACTTCGGTTCTATTTTGTTGGTTTCTAGGACTGAAGTAATGATTGATAGGGATAGTTGGGGGTGCTAGTATTCAGCGGCCAGAGGTGAAATTCTCGGATTCGCTGAAGACTAACTTATGCGAAAGCATTCACCAAGGATGTCTTCTTTAATCAAGAACGAAAGTTGGGGGATCGAAGACGATCAGATACCAT
437;437_2766_297;0;78.25;Eukaryota|Amoebozoa|Conosa|Variosea|Variosea_X|Schizoplasmodiids|Ceratiomyxella;>FJ544419.1.1883_U;CTGCGGTAATTCCAGCTCCAATAGCGTATATTAAAGTTGTTGCAGTTAAAAAGCTCGTAGTTGGATTTTAGGGTAACGCCACCTTGAACTGCCGATAGGTAGACTCAAGGCGGGCTTACTCGACGTCGCGTTTTCTCGACCCCTGCTCTTAATTGGGTGGGGCGAAGGTTAACGCCGTTTACTTTGAAAAAATTAGGGTGTTTAAAGCAGGCTCATCATTTGTCTTGAATAGATTAGCATGGGATAATGGAATATGACCAGGCGCTCCCGTTCGCTGTGTTTGGGGCGTCTGGTAATGATTAATAGGAACGGTCGGGGTTATTCATATTTAATTGTTAGAGGTGAAATTCTTAGATTCTTTAAAGATGAACCTATGCGAAAGCACTTAACAAGTACGCTTTCATTAATCAAGAACGAAAGTTAGGGGATCGAAGACGATCAGATACCAT
458;458_2950_440;0;94.35;Eukaryota|Amoebozoa|Lobosa|Tubulinea|Nolandida|Nolandellidae|Nolandellidae_X;>AF372795.1.1605_U;CTGCGGTAATTCCAGCTCCAATAGTGTATATTAAAGTTGCTGCGGTTAAAAAGCTCGTAGTTGGATTTCGAAAGTGTTTTGTGTCAAAGCTCGCCCTTGTGGTGTGGCTCGACATATCCTTTCTATTATTGGATAGTGGGCAACCGCTTCCAATCATTTACTTTGAAAAAATTAGAGTGTTCAAAGCAGGCGTAACCTTGCCATTGAATATTACAGCATGGGATAATAGAATATGACGTTGGTCTTATTTTGTTGGTTTCTAAGGCTGATGTAATGATTAATAGGGATAGTTGGGGTCGCTCGTATTGAGTTGTCAGAGGTGAAATTCTAGGATTTACTCAAGACGAACTAATGCGAAAGCATTCGACAAGGATGTTTTCATTAATCAAGAACGAAAGTTGGGGGATCGAAGACGATCAGATACCAT
468;468_3012_290;0;98.6;Eukaryota|Alveolata|Ciliophora|Colpodea|Platyophryida|Platyophryidae|Platyophrya;>EF100341.1.1406_U;CTGCGGTAATTCCAGCTCCAATAGCGTATATTAAAGTTGTTGCAGTTAAAAAGCTCGTAGTCGAAGTTCTGGCTGGTCCTGTTTTTGGCTCCGGTCGACTCAGGACCTAGTCATCCGTCGGAGAACTCTTGTCGTCCTTCACTGGTCGCTTGAGGGAACTGACCCTTTACTTTGAAAAAATTAGAGTGTTTCAGGCAGGCTCTCGCCCGAATACTCCAGCATGGAATAATGGAATAGGACTTTCTTCTATTTTGTTGGTTATTAGTGGAAAGTAATGATTAATAGGGACAGTTGGGGGCATTCGTACTTAATTGTCAGAGGTGAAATTCTTGGATTTATTAAAGACGAACTAATGCGAAAGCATTTGCCAAGGATGTTTTCATTGATCAAGAACGAAAGTTAGGGGATCAAAGACGATCAGATACCAT
484;484_3136_400;0;96.65;Eukaryota|Amoebozoa|Lobosa|Tubulinea|Leptomyxida|Leptomyxidae|Ripidomyxa;>AY549563.1.1761_U;CTGCGGTAATTCCAGCTCCAATAGTGTATATTAAAGTTGCTGCAGTTAAAAAGCTCGTAGTTGGATTTCGGATAGTAAAAATTTAACATCCATCTCTAAGATGTGATTTAATTTTTACTTCCTTCCTTTTGAATACACTCCTTAAAATTTATTTTAAGGAACTCAGTGTTTCAAATCGTTTACTGTGAAGAAATTAGAGTGTTCAAAGCAGGCGTAACCTAGCCTTTGAATATATTAGCATGGGATAATGAAATAGGACTTTAGTCCTACTTTCGTTGGTTTCTAGGGCTGAAGTAATGATTAATAGGGATAGTTGGGGTCACTAGTATTTAATTGTCAGAGGTGAAATTCTAAGATTTATTAAAGACTAACTACTGCGAAAGCATTTGACAAGGATGTTTTCATTAATCAAGAACGAAAGTTGGGGGATCGAAGACGATCAGATACCAT
496;496_3213_247;0;98.67;Eukaryota|Rhizaria|Cercozoa|Filosa-Sarcomonadea|Filosa-Sarcomonadea_X|Filosa-Sarcomonadea_XX|Filosa-Sarcomonadea_XXX;>KC670650.1.1830_U;CTGCGGTAATTCCAGCTCCAATAGCGTATATTAAAGTTGCTGCAGTTAAAAAGCTCGTAGTTGAATTTCTGGCTTGGCAATTTTGGCCCGGTACGGTAACGTACTGTTTGTGCTGACTGTTGCCGGTCATCCTTCTGGGTTTAACGGGTCTTGCCCTTTACGGGGTGGAGGCTCGCGAACCAGATCTTTTACTTTGAAAAAATTAGAGTGTTTAAAGCAGGCGTTTGCTATGAATACATTAGCATGGAATAATAATTTAGGACTTTGGTTCTATTTTGTTGGTTCTAGAATTGAAGTAATGATTGATAAGGAGAGCCGGGGGCGCTCGTATTCAAGGGCCAGAGGTGAAATTCTTGGATTCCTTGAAGACGAACTCATGCGAAAGCGTTCGCCCAGTCTCTGCCTTTTAATCAAGAACGAAAGTTGGGGGATCGAAGACGATCAGATACCAT
520;520_3394_301;0;94.47;Eukaryota|Alveolata|Apicomplexa|Apicomplexa_X|Colpodellidae|Colpodellidae_X|Colpodellidae_XX;>EF100235.1.1360_U;CTGCGGTAATTCCAGCTCCAATAGCGTATATTAAAGTTGTTGCAGTTAAAAAGCTCGTAGTTGAATTTCTGTTTGTTACGCGTTCGAAGCCTTCTGGCGACGAGCGAGTGCAAGCATTCTTCTACTCCTGGGGTAACCCAGCGCGGTAGAGCCTTTACTTTGAGAAAATTAGAGTGTTTCAAGCAAGCTTCGCTTTGAATACTACAGCATGGAATAATACAATAGGACTTTAGGCCTATTTGTTGGTTTCAGGCCTGAAGTAATGATTAATAGGGACAGTTGGGGGCATTCGTATTGGAGAGTCAGCGGTGAAATGCGATGATTTCTTCAAGACGAACTACTGCGAAAGCATTTGCCAAAGATGTTTTCATTAATCAAGAACGAAAGTTAGGGGATCGAAGACGATCAGATACCGT
533;533_3476_351;9.2e-56;68.53;Eukaryota|Archaeplastida|Rhodophyta|Florideophyceae|Corallinales|Corallinales_X|Hydrolithon;>DQ629002.1.1935_U;CCGCGGTAATTCCAGCTCCACAAGCATATACTAATGTTGCTGTAGTTAAAACGTTCGTAGTCCATGTAAGTGCCAATCTGTGCGAATCGGGTAGTCCAACTTTAGTCTTAAGGGGAAACTTTTAGGACTAGAGGACTGGAGGAAACTCCAGTCAGGGCTGCTCCTTGCCGGTTAAATGCGTCTTCGGACGCATCGGGGTTTGTACAGAGAGGTGCGATCCACAACTGTGAGTAAATCAGCGTGTTCAAAGCAGGCTTTGGGAGGATTTATCCTCCCTTGTGCTTGTATGCTAAAGCATGGAATTGTAACATACTGACGTCAAGTCACAATCGTGGAAAAGGAAACAGACGGAGGGCACAAGTATTCCGGTGACCAGGGGTGAAATCCGTACTCCCGGAAGACTACCAGATGCGAAAGCGGTTTTGCCCACGGCGTTTCCGTTGATCAAGAACGAGAGTCAAGGGATCGAAGACGATCAGATACCAT
544;544_3560_353;0;96.21;Eukaryota|Rhizaria|Cercozoa|Filosa-Sarcomonadea|Glissomonadida|Allapsidae|Allapsidae_X;>AB534329.1.1636_U;CCGCGGTAATTCCAGCTCCAATAGCGTATATTAAAGTTGCTGCAGTTAAAAAGCTCGTAGTTGGATTTCTGGTATGATGTACCTGTCCCGCCACGGTAACGTGTGTGAGTGACGGAGTATGTCTGCCATCCTTCTAGAGAATGCAAGCTGGCCTTTACTGGTTTGGTTTGTATCATCTAGATCTTTTACTTTGAAAAAATTAGAGTGTTTCAAGCAGGCGTTTTGCTATGAATACATTAGCATGGAATAATAAGTTAGGACTTCGGTTCTATTTTGTTGGTTTCTAGGGCTGAAGTAATGATTGATAGGGATAGTTGGGGGTGCTAGTATTCAGCGGCCAGAGGTGAAATTCTTGGATTCGCTGAAGACTAACTTATGCGAAAGCATTCACCAAGGATGTCTTCTTTAATCAAGAACGAAAGTTGGGGGATCGAAGACGATCAGATACCAT
545;545_3562_269;0;96.21;Eukaryota|Rhizaria|Cercozoa|Filosa-Sarcomonadea|Glissomonadida|Glissomonadida_X|Glissomonadida_XX;>FJ592260.1.1122_U;CCGCGGTAATTCCAGCTCCAATAGCGTATATTAAAGTTGCTGCAGTTAAAAAGCTCGTAGTTGGATTTCTGGCTTGGTTTCCCTGGCCCGCCACGGTTACGTGTGTGAGTGCCGGTGGAGATCTGCCATCACTTCTAGATTGCATTCATACTCTTAACTGAGCCGTGAGTGCCGATCTAGATCTTTTACTTTGAAAAAATTAGAGTGTTTCAAGCAGGCGTTTGCTATGAATACATTAGCATGGAATAATAATTTAGGACTTCGGTTCTATTTTGTTGGTTTCTAGAATGGAAGTAATGATTGATAGGGATAGTTGGGGGTGCTAGTATTCAGTGGCCAGAGGTGAAATTCTCGGATTCACTGAAGACTAACTTATGCGAAAGCATTCACCAAGGATGTCTTCTTTAATCAAGAACGAAAGTTGGGGGATCGAAGACGATCAGATACCAT
571;571_3702_246;0;95.07;Eukaryota|Amoebozoa|Lobosa|Tubulinea|Euamoebida|Hartmannellidae|Copromyxa;>AY680841.1.1900_U;CTGCGGTAATTCCAGCTCCAAGAGTGTATATTAAAGTTGTTGCGGTTAAAAAGCTCGTAGTTGGACCTTGGGATTGAGTACATCGGTTCCTCTTAACTTCGGTTTTGAGGGTTACTATCGAGTAATTCTTTCTCTATTCTCGAAACGTTCACGATCAGAAATGGTTGGTTTCGTAGGATTTACTTTGAATAAATTAGGGTGTTTAAAGCAGGCATAAAAGCCTTGAATACATTAGCATGGGATAATAAAAGATGACCTTTGGTCTAGACTTTATTGGTTTCTAGGGCCTAGGTAATGATTGATAGGGATAGTTGAGGTCGCTCGTATTCAGTGGTCAGAGGTGAAATTCTAAGACCCACTGAGGACGAACTAATGCGAAGGCATTCGACAAGGATGTTTTCATTAATCAAGAACGAAAGTTGTGGGATCGAAGACGATCAGATACCAT
581;581_3797_206;0;100;Eukaryota|Rhizaria|Cercozoa|Filosa-Sarcomonadea|Glissomonadida|Proleptomonadidae|Proleptomonas;>GQ377682.1.1770_U;CCGCGGTAATTCCAGCTCCAATAGCGTATATTAAAGTTGCTGCAGTTAAAAAGCTCGTAGTTGGATTTCTGGCTTGACTCGCCTGGCCCGCCACGGTGACGTGTGTGAGTGCTGGGTCGAATCGGCCATCCTTCGTTTATGGCTAGTTGTTCTTTATTGAGCAGTTAGTTCGTGAACGATCGTTTACTTTGAAAAAATTAGAGTGTTTCAAGCAGGCTTTAGCTTTGAATACATGAGCATGGAATAATAAAGTAGGACTTCGGTTCTAGTTTGTTGGTTTGGAGAGCTGAAGTAATGATGGATAGGGACAGTTGGGGGTGCTAGTATTCAGCGGCCAGAGGTGAAATTCTTGGATTCGCTGAAGACTCACTACGGCGAAAGCATTCACCAAGGATGTCTTCTTTAATCAAGAACGAAAGTTGGGGGATCGAAGACGATCAGATACCAT
596;596_3880_190;0;98.62;Eukaryota|Alveolata|Apicomplexa|Apicomplexa_X|Colpodellidae|Colpodellidae_X|Colpodellidae_XX;>GU067926.1.1792_U;CTGCGGTAATTCCAGCTCCAATAGCGTATATTAAAGTTGTTGCAGTTAAAAAGCTCGTAGTTGGATTTCTGCTGAAGACAGCCGGTCCGCCTTCGGGTGTGTACCTGGTTCGGCTTTGGCATTCTTCTGGGGAACGTAGTGCACTTCACTGTGTGCTGCGGTATCCAGGAATTTTACTTTGAGAAAATTAGAGTGTTTCAAGCAGGCAATCGCCTTGAATACTGCAGCATGGAATAATAAGATAGGACTTTAGTTCTAGCTTGTTGGTTTCTGGGACTGAAGTAATGATTAATAGGGATAGTTGGGGGCATTCGTATTTAACTGTCAGAGGTGAAATTCTTGGATTTGTTAAAGACGAACTACTGCGAAAGCATTTGCCAAGGATGTTTTCATTAATCAAGAACGAAAGTTAGGGGATCGAAGACGATCAGATACCAT
597;597_3883_305;0;97.3;Eukaryota|Amoebozoa|Lobosa|Tubulinea|Echinamoebida|Echinamoebidae|Echinamoeba;>AF293895.1.1827_U;CTGCGGTAATTCCAGCTCCAATAGCGTATATTAAAGTTGTTGCAGTTAAAAAGCTCGTAGTTGGATTTCGGAGTTTGCACGATCGCTGACCGCCGAAATGGCGTGTTTGGCGCGTGTATCTCCTCTTCTTGGGGATTCAAGTGGGTGGCGGGTAACACCGTCATTCGCTCCCCATCGTTTACTTTGAGAAAATTGGAGTGCTCAAAGCAGGCACAACCTGCCTTGAACAATGCAGCATGGGATAATAAAACAGGACGAAGGTCTTATTTTGTTGGTTTCTAGGGCTTTTGTAATGATTAAAAGGGACAGTTGGGGGCATTCGTATTCAATTGTCAGAGGTGAAATTCTAGGATTAATTGAAGACGAACTACTGCGAAAGCATTTGCCAAGGATGTTTTCATTAATCAAGAACGAAAGTAGGGGGATCGAAGACGATCAGATACCGT
608;608_3952_285;0;98.88;Eukaryota|Rhizaria|Cercozoa|Filosa-Sarcomonadea|Glissomonadida|Sandonidae|Sandonidae_X;>EU709204.46.1524_U;CTGCGGTAATTCCAGCTCCAATAGCGTATATTAAAGTTGCTGCAGTTAAAAAGCTCGTAGTTGGATTTCTGGCTTGAAACATTAAGCCGGCCACGGTTTCGTGTGTTAGTGCTTGGTGTTCTGGCCATCCTTCCAATCGCTGCTGGCCTTTCTTCATTGATAGGTCGGTAGTATTGGATCTTTTACTTTGAAAAAATTAGAGTGTTTCAAGCAGGCTTTATGCTATGAATACATTAGCATGGAATAATAATTTAGGACTTCGGTTCTATTTTGTTGGTTTCTAGGACTGAAGTAATGATTGATAGGGATAGTTGGGGGTGCTAGTATTCAGCGGCCAGAGGTGAAATTCTCGGATTCGCTGAAGACTAACTTATGCGAAAGCATTCACCAAGGATGTCTTCTTTAATCAAGAACGAAAGTTGGGGGATCGAAGACGATCAGATACCAT
609;609_3958_417;0;99.12;Eukaryota|Rhizaria|Cercozoa|Filosa-Sarcomonadea|Cercomonadida|Cercomonadidae|Cercomonas;>HM536146.1.1810_U;CTGCGGTAATTCCAGCTCCAATAGCGTATATTAAAATTGTTGCAGTTAAAAAGCTCGTAGTTGGATTTCTGGTTCGGCGCACTTGACCCGTCGTGGTTTACACGATCGTTGTGTCGGTGTGCGCCATCCATCCTTCGAGTGAAATACTTCTACTCTTTACTGGGTTGGGAGTATATGTAACTCGATCTTTTACTTTGAAAAAATTAGAGTGTTTAAAGCAGGCTTACGCTATGAATACATTAGCATGGAATAATAATTTAGGACTTTGGTCTTATTTTGTTGGTTTCTAGGACTAAAGTAATGATTGATAGGGACAGTTGGGGGTGCTAGTATTCAGCGGCCAGAGGTGAAATTCTTGGATTCGCTGAAGACTAACTTATGCGAAAGCATTCACCAAGGATGTCTTCTTTAATCAAGAACGAAAGTTGGGGGATCGAAGACGATTAGATACCGT
624;624_4037_236;0;98.84;Eukaryota|Alveolata|Ciliophora|Colpodea|Colpodida|Colpodidae|Colpodidae_X;>JQ723971.1.1732_U;CCGCGGTAATTCCAGCTCCAATAGCGTATATTAAAGTTGTTGCAGTTAAAAAGCTCGTAGTTGAATTTCTGGCCAGTGCTGTCCTTGACTCTCGCAGTCAGTTCAGGGCTTGGTCATCCGTATGGGAAGCTAGCTCGGCCTTCACTGGTCGGTTAGTGGATCATACACTTTACTTTGAAAAAATTAGAGTGTTTCAGGCAGGCAATTGCTTGGATACTGCAGCATGGAATAATGGAATAGGACTTTGACCTATTTATTGGTTTCTTCGAGGTCAAAGTAATGATTAATAGGGACAGTTGGGGGCATTCGTATTTAATTGTCAGAGGTGAAATTCTTGGATTTATTAAAGACGAACTTATGCGAAAGCATTTGCCAAGGATGTTTTCATTAATCAAGAACGAAAGTTAGGGGATCAAAGACGATCAGATACCAT
634;634_4111_194;0;99.55;Eukaryota|Rhizaria|Cercozoa|Filosa-Thecofilosea|Cryomonadida|Rhogostoma-lineage|Rhogostoma-lineage_X;>HM628658.1.1579_U;CCGCGGTAATTCCAGCTCCAAGAGCATATATTAAAGTTGTTGCAGTTAAAAAGCTCGTAGTTGGATTTCTGGTTTAATGCACCTGGCCCGCGGCCTCTAGGCTTGTGAGTGCCGGCGCGCGTTTACCATCCTTCTAGAAAACGATTCTGCCATTCACTTGGTTGGGATCGCGATCTAGATCATTTACTTTGAAAAAATTAGAGTGTTTAAAGCAGGCTTTTGCTATGAATACATTAGCATGGAATAATAATCTAGGACTTCGGTTCTATTTTGTTGGTTTCTATAACTGAAGTAATGATTGATAGGGATAGTTGGGGGTGCTAGTATTGGCCGGCCAGAGGTGAAATTCTTGGATTCGGTCAAGACTAACTTATGCGAAAGCATTCACCAAGGATGTCTTCTTTAATCAAGAACGAAAGTTGGGGGATCGAAGACGATCAGATACCGT
639;639_4128_321;0;90.81;Eukaryota|Rhizaria|Cercozoa|Filosa-Imbricatea|Euglyphida|Euglyphida_X|Euglyphida_XX;>AY620296.1.1266_U;CTGCGGTAATTCCAGCTCCAGTAGCGTATATTAACGTTGCTGCAGTTAAAAAGCTCGTAGTTGGATTTCTGGCTGGTCGCTCTGACCCGGTGTCGTCCCTCGTGGGCGTCTGCTGTGTGTCGGAACTGACCTTCCATCCTTTCTAGATAGCCTCGCGTACTGTTTACTCAGTTGCGCGATGTTTTGCGATCTAGATCTTTTACTTTGAAAAAATTAGAGTGTTTAAAGCAGGCTTACGCCGTGAATACATTAGCATGGAATAATAATATAGGACTTTGGTTCTATTTTGTTGGTTTCTAGGACTAAAGTAATGATTGATAGGGATAGTTGGGGGTGCTAGTATTCAGCGGCCAGAGGTGAAATTCTTGGATTCGCTGAAGACTAACTACTGCGAAAGCATTCACCAAGGATGTCTTCTTTAATCAAGAACGAAAGTTGGGGGATCGAAGACGATCAGATACCGT
660;660_4270_227;0;99.78;Eukaryota|Rhizaria|Cercozoa|Filosa-Sarcomonadea|Cercomonadida|Cercomonadidae|Cercomonas;>AF411268.1.1814_U;CTGCGGTAATTCCAGCTCCAATAGCGTATATTAAAATTGTTGCAGTTAAAAAGCTCGTAGTTGGATTTCTGGTACGGCGCACTTGGCCCGTCGCGGTTACGCGTATGTGTGCCGGTGTGCGCCTGCCATCCATCTGGAGAACGCCGTCGCCCTTCACTGGGTGGGCGGTGGTATCCAGATCTTTTACTTTGAAAAAATTAGAGTGTTTAAAGCAGGCTTGTGCTATGAATACATTAGCATGGAATAATAATTTAGGACTTTGGTCTTATTTTGTTGGTTTCTAGGACTAAAGTAATGATTGATAGGGACAGTTGGGGGTGCTAGTATTCAGCGGCCAGAGGTGAAATTCTTGGATTCGCTGAAGACTAACTTATGCGAAAGCATTCACCAAGGATGTCTTCTTTAATCAAGAACGAAAGTTGGGGGATCGAAGACGATCAGATACCAT
676;676_4360_204;0;93.21;Eukaryota|Rhizaria|Cercozoa|Novel-clade-10-12|Novel-clade-12|NC12B-lineage|NC12B-lineage_X;>FJ153639.1.1238_U;CCGCGGTAATTCCAGCTCCAATAGCGTATATTAAAGTTGTTGCAGTTAAAAAGCTCGTAGTTGGATTTCTGGCTCGGGACGCCTGGCCCGCCTCGAAAGAGTGTGTGTTTGTCGGTGCTGCCCGGCCATCCTTCTGGAAAACGCCTCTGCCCTTAACTGGGTTGGGGGCGCGATCCAGATCGTTTACTTTGAAAAAATTAGAGTGTTCAAAGCAGGCTTTACGCTGTGAATACATTAGCATGGAATAATAAGATAGGGCTTTGGTACTATTTTGTTGGTTTCTAGGACCAAAGTAATGATTGATAGGGACAGTTGGGGGTGCTAGTATTCAATGGCCAGAGGTGAAATTCTCGGATTCATTGAAGACTAACCTATGCGAAAGCATTCACCAAGGATGTCTTCTTTAATCAAGAACGAAAGTTGGGGGATCGAAGACGATCAGATACCAT
710;710_4618_191;0;98.88;Eukaryota|Rhizaria|Cercozoa|Filosa-Sarcomonadea|Cercomonadida|Cercomonadidae|Cercomonas;>AY642694.1.1804_U;CTGCGGTAATTCCAGCTCCAATAGCGTATATTAAAATTGTTGCAGTTAAAAAGCTCGTAGTTGGATTTCTGGTACGGCGCACTTGGCCCGTCGTGGTTACACGTATGTGTGCCGGTGTGCGCCTGCCATCCATCTGGAGAACGCTGTCGCCCTTCACTGGGTGGGCAGTGGTATCCAGATCTTTTACTTTGAAAAAATTAGAGTGTTTAAAGCAGGCTTGTGCTGTGAATACATTAGCATGGAATAATAACTTAGGACTTTGGTCTTATTTTGTTGGTTTCTAGGACTAAAGTAATGATTGATAGGGATAGTTGGGGGTGCTAGTATTCAGCGGCCAGAGGTGAAATTCTTGGATTCGCTGAAGACTAACTTATGCGAAAGCATTCACCAAGGATGTCTTCTTTAATCAAGAACGAAAGTTGGGGGATCGAAGACGATCAGATACCGT
745;745_4906_139;0;83.26;Eukaryota|Amoebozoa|Conosa|Variosea|Variosea_X|Variosea_XX|Variosea_XXX;>EF024087.1.1877_U;CTGCGGTAATTCCAGCTCCAATAGCGTATATTAAAGTTGTTGCAGTTAAAACGCTCGTAGTCGAACTTCAGTATCAGAGTTATGTGGTCTGCCTAACGGTGTGTACTGCTTTCTCTATACTTCCTTCCACTATAGAATACCACTAGCCTTAATTGACTGGTAGGTATCTTTTGTGGATCTTTTACTTTGAATAAATTAGAATGTTTAAAGTAGGCAAGATTTGCCTTGAATACATTAGCATGGGATAATGGAATAGGATTGTTACCTATTTCGTTGGTTTATGAGTAACGATAATGATGAATAGAAACAGTTGGGGTTGTTCGTATTTAATTGTCAGAGGTGAAATTCTTGGATTTATGAAAGACGAACTTCTGCGAAAGCATTCAACAAGGATGTTTTCATTGATCAAGAACGAAAGTTAAGGGATCGAAGACGATCAGATACCGT
793;793_5140_217;0;98.61;Eukaryota|Alveolata|Ciliophora|Spirotrichea|Hypotrichia|Oxytrichidae|Oxytricha;>EF441988.1.1585_U;CCGCGGTAATTCCAGCTCCAATAGCGTATATTAAAGTTGTTGCAGTTAAAAAGCTCGTAGTTGGATTTCTGAGAGGGTGCCAATGTCCGCTCGTTGCGTGTGCAGCGGCGCCCTCTCATCCTTCTGTTAACGTTTCTGATATTCACTTATTGGTCTCGGGCTCAGATATTTTACCTTGAGAAAATTAGAGTGTTCCAGGCAGGCTTGCGCCGGAATACATTAGCATGGAATAATAGAATAGGACTTTAGTCTCCTTTGTTGGTTTGAGGGACTGAAGTAATGATTAATAGGGATAGTTGGGGGCATTAGTATTTAATTGTCAGAGGTGAAATTCTCGGATTTGTTAAAGACTAACTTATGCGAAAGCATTTGCCAAGGATGTTTTCATTAATCAAGAACGAAAGTTAGGGGATCAAAGACGATCAGATACCAT
811;811_5254_220;0;83.21;Eukaryota|Amoebozoa|Lobosa|Tubulinea|Euamoebida|LOS7N/I-lineage|Ptolemeba;>KJ542110.1.2226_U;CCGCGGTAATTCCAGCTCCAAGAGTGTATATTAAAGTTGTTGCGGTTAAAAAGCTCGTAGTTGGATTTCTGATAGAGATTACTTGAGGGCGTAAAAACCTGAAGGTATATCACTTATCATTTTTTGTAGATACGGTTCGCCGCGTTTACTTAGATTACTTTGAAAAAATTAGAGTGTTTCAAGCAGAATTCAATCTTTGAATAATACAGCATGGGATAATAAAAGATGACAGTAACTAGACTTTTGTTGGTTTCTTTGGCTACTGTAATGATTAAAAGGGACAGTTGGGGTCACTCGTATTGGGGCGGGAGGGGTGAAATCCTATGATCGACTCAAGACGAACTACTGCGAAAGCATTTGACAAGGATGTTTTCATTAATCAAGAACGAAAGTTGGGGGATCGAAGACGATTAGATACCAT
812;812_5255_613;0;79.95;Eukaryota|Amoebozoa|Lobosa|Tubulinea|Euamoebida|LOS7N/I-lineage|Ptolemeba;>KJ542110.1.2226_U;CCGCGGTAATTCCAGCTCCAAGAGTGTATATTAAAGTTGTTGCGGTTAAAAAGCTCGTAGTTGGATTTCTAACATAGATAATGGAAAGGCCTAAAAACCTTGAAGTTAATCATTTGTTATATTTGTAATTTCACTTCGGTGTGATTACTATTTTACTTTGAAAAAATTAGAGTGTTTCAAGCAGAATTCAAACTTTGAATAATACAGCATGGGATAATAAAAGATGACAATTACTAAACTTTTGTTGGTTTCTTTGGCAATTGTAATGATTAAAAGGGACAGTCGGGGTCACTCATATTGGGTCGGGAGGGGTGAAATCCTATGATCGATCTAAGATGAACTACTGCGAAAGCATTTGACAAGGATGTTTTCATTAATCAAGAACGAAAGTTGGGGGATCGAAGACGATCAGATACCAT
819;819_5289_251;0;87.19;Eukaryota|Hacrobia|Picozoa|Picozoa_X|Picozoa_XX|Picozoa_XXX|Picozoa_XXXX;>HQ869572.1.881_U;CTGCGGTAATTCCAGCTCCAGAAGCGTATATTAATATTGCTGCAGTTAAAAAGCTCGTAGTCGGATTTCGGGGCGGGCCGAGGGGTCTGCCGATTGGTATGTACCCTTTGGCCTGTCCTTCCTTCCGAGGGCCCTGTCTGTCCTTAACTGGATGGGTAGGGTGCTCGGGACTTTTACTTTGAAAAAATTAGAGTGTTTAAAGCAGGCCTATGCTCTGAATACATTAGCATGGAATAATCGAATAGGACTCTGGTTCTATTTTGTTGGTTTCTAGGACCGGAGTAATGATCAATAGGGACAGTTTGGGGCGTTCGTATTTCATTGTCAGAGGTGAAATTCTTGGATTTATGAAAGACGAACTTCTGCGAAAGCATTCGTCAGGGATGTTTTCATTGATCAAGAACGAAAGTTAGGGGATCGAAGACGATCAGATACCGT
840;840_5445_535;0;99.78;Eukaryota|Rhizaria|Cercozoa|Filosa-Sarcomonadea|Glissomonadida|Sandonidae|Sandonidae_X;>EU709210.1.1584_U;CTGCGGTAATTCCAGCTCCAATAGCGTATATTAAAGTTGCTGCAGTTAAAAAGCTCGTAGTTGGATTTCTGGCTTGTAGCCTCTTGCCGGCCACGGTTTCGTGTGTTAGTGCAGGCGGTTCTGGCCATCCTTCCAATGGCTGCGCATCGGTCTTCATTGCTCGGTGCGTGGTATTGGATCTTTTACTTTGAAAAAATTAGAGTGTTTCAAGCAGGCTTTATGCTATGAATACATTAGCATGGAATAATAATTTAGGACTTCGGTTCTATTTTGTTGGTTTTTAGGACTGAAGTAATGATTGATAGGGATAGTTGGGGGTGCTAGTATTCAGCGGCCAGAGGTGAAATTCTCGGATTCGCTGAAGACTAACTTATGCGAAAGCATTCACCAAGGATGTCTTCTTTAATCAAGAACGAAAGTTGGGGGATCGAAGACGATCAGATACCGT
842;842_5462_348;0;96.45;Eukaryota|Rhizaria|Cercozoa|Filosa-Sarcomonadea|Glissomonadida|Allapsidae|Allantion;>AAYJ01000086.1.1804_U;CTGCGGTAATTCCAGCTCCAATAGCGTATATTAAAGTTGCTGCAGTTAAAAAGCTCGTAGTTGGATTTCTGACATTAATATGTTTAGCCCGCGACGGTTACGTCTGTGTGTGCTGATACATGTTTGTCATCCTTCTAGAAAATGTTAATTGGCTCTTCATTGAGTCTAATTAATCACAATCTAGATCTTTTACTTTGAAAAAATTAGAGTGTTTAAAGCAGGCGTTTGCTATGAATACATTAGCATGGAATAATAATTTAGGACTTTGGTTCTATTTTGTTGGTTTCTAGAACTGAAGTAATGATTGATAGGGATAGTTGGGGGTGCTCGTATTCAGTGGCCAGAGGTGAAATTCTCGGATTCACTGAAGACGAACTTATGCGAAAGCATTCACCAAGGATGTCTTCTTTAATCAAGAACGAAAGTTGGGGGATCGAAGACGATCAGATACCGT
853;853_5487_263;0;81.78;Eukaryota|Alveolata|Apicomplexa|Apicomplexa_X|Gregarines|Gregarines_X|Gregarines_XX;>EF023130.311.2175_U;CTGCGGTAATTCCAGCTCCAATAGCATATATTAAATTTGTTGCAGTTAAAAAGCTCGTAGTTGGATTTCGGAACTTAGAACAATTGGTCTGCCGTTTGGTATGTACTGTTGTTCTAGTTCTCATATGATGGAAACTTATCTCTACTCTTAATTGAGCGGTGAGTTGGTTGAGAATTCATTCTCTCCAATTTTTATAAGTTCCATCTCATTTACTTTGAATAAATCTGAGTGTTTAAAGCAGGCGATTTTTTGCCATTGAAAACATTAGCATGGGATAATAGAATAGGATTTCAATTCTATTTTATTTGGTTTTAGAATTGAAATAATGATTAATAGGGATAGTTGGGGACATTAGTATTTAATTGTCAGAGGTGAAATTCTTGGATTTATGAAAGACTAACTTCTGCGAAAGCATTTGTCAAGGATGTTTTCATTAATCAAGAACGAAAGTTAGGGGATCGAAGACGATCAGATACCGT
854;854_5492_278;0;82.92;Eukaryota|Amoebozoa|Lobosa|Tubulinea|Euamoebida|LOS7N/I-lineage|Ptolemeba;>KJ542109.1.1729_U;CTGCGGTAATTCCAGCTCCAAGAGTGTATATTAAAGTTGTTGCGGTTAAAAAGCTCGTAGTTGAATTTCTGAAAATAATCTTAAAATTGATTTAACCGTCATGATTAAAAATTGTGTTCATACTTATTATATGGAAACATATAATTAAATTACTTTGAAAAAATTAGAGTGTTCAAAGCAAGATTCACATCTGAATAATACAGCATGGGATAATAAAATATGACATTAGTTAAAATTTGTTGGTTTCTTTGGCTAATGTAATGATTAAAAGGGACAGTTGGAGTAATTTATATTGGTCGGGGAGGGGTGAAATCCTATGATCCTTCCAAGATAAACTAGTGCGAAAGCATTTTACTAGGATGTTTTCATTAATCAAGAACGAAAGTTGGGGGATCGAAGACGATCAGATACCAT
869;869_5596_223;0;88.76;Eukaryota|Alveolata|Apicomplexa|Apicomplexa_X|Colpodellidae|Colpodellidae_X|Colpodellidae_XX;>GQ411073.1.1653_U;CCGCGGTAATTCCAGCTCCAATAGCGTATATTAAAGTTGTTGCAGTTAAAAAGCTCGTAGTTGGATTTCTGCTTTAAGATGACCCGATGACATTTGTCGTTGTGGTAATCTTGAGCATCTTTCTACCGTTCCGCACTTGTGCGGGTACAGTAGAGCCTTTACTTTGAGAAAATTAGAGTGTTTCAAGCAAGCGTTTGCTTTGAATACTACAGCATGGAATAATCTTATAGGACTTCGGACCTATTTGTTGGTTTCTAGGCCTGAAGTAATGATTAATAGGGACAGTTGGGGGCATTCGTATTTGACAGTCAGAGGTGAAATTCATAGATTTGTTAAAGACGAACTACTGCGAAAGCATTTGCCAAGGATGTTTTCATTAATCAAGAACGAAAGTTAGGGGATCGAAGACGATCAGATACCGT
871;871_5600_243;0;100;Eukaryota|Alveolata|Ciliophora|Litostomatea|Haptoria|Spathidiidae|Epispathidium;>DQ411858.1.1629_U;CCGCGGTAATTCCAGCTCCAATAGCGTATATTAAAGTTGTTGCAGTTAAAAAGCTCGTAGTTGGATTTCAAGGATTGCCACTCCAACCGGAGTGTGCACCCTACCAGTCTTTGACTGTTACTGTGAGAAAATTAGAGTGTTTCAAGCAGGCTGTTGCAGGAATACATTAGCATGGAATAACGAATGTGTCTAGAATCTTGGTTTATTCTAGATTACGATTAATAGGGACAGTTGGGGGCATTAGTATTTAATTGTCAGAGGTGAAATTCTTGGATTTGTTAAAGACTAACGTATGCGAAAGCATTTGCCAAGGATGTTTTCATTAATCAAGAACGAAAGATAGGGGATCAAAGACGATCAGATACCGT
920;920_5934_168;0;99.78;Eukaryota|Rhizaria|Cercozoa|Filosa-Sarcomonadea|Glissomonadida|Sandonidae|Neoheteromita;>EU734845.1.1165_U;CTGCGGTAATTCCAGCTCCAATAGCGTATATTAAAGTTGCTGCAGTTAAAAAGCTCGTAGTTGGATTTCTGGCTTGAAACATTTTGCCGGCCACGGTTTCGTGTGTTAGTGCTTGATGTTCTGGCCATCCTTCCAATTGCTATTCACTTCTCTTCATTGATTGGTGAGTGGTATTGGATCTTTTACTTTGAAAAAATTAGAGTGTTTCAAGCAGGCTTTATGCTATGAATACATTAGCATGGAATAATAATTTAGGACTTCGGTTCTATTTTGTTGGTTTCTAGGACTGAAGTAATGATTGATAGGGATAGTTGGGGGTGCTAGTATTCAGCGGCCAGAGGTGAAATTCTCGGATTCGCTGAAGACTAACTTATGCGAAAGCATTCACCAAGGATGTCTTCTTTAATCAAGAACGAAAGTTGGGGGATCGAAGACGATCAGATACCAT
923;923_5942_271;0;98.2;Eukaryota|Rhizaria|Cercozoa|Filosa-Sarcomonadea|Glissomonadida|Sandonidae|Neoheteromita;>EU709217.1.1190_U;CTGCGGTAATTCCAGCTCCAATAGCGTATATTAAAGTTGCTGCAGTTAAAAAGCTCGTAGTTGGATTTCTGGCGGATCGAACTTGGCCGGCCACGGTTTCGTGTGTTAGTGCTTTGTTTTTTCGCCATCCTTCCAATGGCTATTCATCCTTCTTCATTGAGGTGGTGAGTGGTATTGGATCTTTTACTTTGAAAAAATTAGAGTGTTTCAAGCAGGCTTTATGCTATGAATACATTAGCATGGAATAATAATTTAGGACTTCGGTTCTATTTTGTTGGTTTCTAGGACTGAAGTAATGATTGATAGGGATAGTTGGGGGTGCTAGTATTCAGCGGCCAGAGGTGAAATTCTCGGATTCGCTGAAGACTAACTTATGCGAAAGCATTCACCAAGGATGTCTTCTTTAATCAAGAACGAAAGTTGGGGGATCGAAGACGATCAGATACCAT
1009;1009_6467_176;0;98.88;Eukaryota|Rhizaria|Cercozoa|Filosa-Sarcomonadea|Glissomonadida|Proleptomonadidae|Proleptomonas;>GQ377682.1.1770_U;CTGCGGTAATTCCAGCTCCAATAGCGTATATTAAAGTTGCTGCAGTTAAAAAGCTCGTAGTTGGATTTCTGGCTTGACTCGCCTGGCCCGCCACGGTGACGTGTGTGAGTGCTGGGTCGAGTCGGCCATCCTTCGTTTATGGTTAGTTGTTCTTTATTGAGCAGCTAATTCGTGAACGATCGTTTACTTTGAAAAAATTAGAGTGTTTCAAGCAGGCTTTAGCTTTGAATACATGAGCATGGAATAATAAAGTAGGACTTCGGTTCTAGTTTGTTGGTTTGGAGAGCTGAAGTAATGATGGATAGGGACAGTTGGGGGTGCTAGTATTCAGCGGCCAGAGGTGAAATTCTTGGATTCGCTGAAGACTCACTACGGCGAAAGCATTCACCAAGGATGTCTTCTTTAATCAAGAACGAAAGTTGGGGGATCGAAGACGATCAGATACCAT
1019;1019_6536_178;0;82.92;Eukaryota|Amoebozoa|Lobosa|Tubulinea|Euamoebida|Hartmannellidae|Copromyxa;>GU938869.1.1827_U;CTGCGGTAATTCCAGCTCCAAGAGTGTATATTAAAGTTGTTGCGGTTAAAAAGCTCGTAGTTGATTTTAGGATCAGGATACATCCGGTCCCGAGCATGTAAAAGTGTTTGGAACAAGGCCGAGTATACCTGGTTCTATTCGTCGGAACGTACAACACCTGTAGCAATACAGGTGGTTTCGGTGGTTTTACTTTGAATGAATTAGAGTGTTTAAAGCAGACGAAATCGTCTTGAATATTTTAGCATGGGATAATGAAATATGACCTACCTGCTCATACTTTTATTGGTTTCTAGAGCGGTGGTAATGATTGAGAGGGACAGTCGGGGTCGCTCATATTCTGTGGTCAGAGGTGAAATTCTAAGACCCACAGAGGATGAACAAATGCGAAGGCATTCGACAAGGATGTTTTCATTAATCAAGAACGAAAGTTGAGGGATCGAAGACGATCAGATACCGT
1044;1044_6786_152;0;96.64;Eukaryota|Rhizaria|Cercozoa|Filosa-Sarcomonadea|Glissomonadida|Sandonidae|Sandonidae_X;>EU709213.48.1481_U;CCGCGGTAATTCCAGCTCCAATAGCGTATATTAAAGTTGCTGCAGTTAAAAAGCTCGTAGTTGGATTTCTGGCTCGATACATCTTGCCGGCCACGGTTTCGTGTGTCAGTGCTTGATGTTTGGGCCATCCTTCCAATTGCTGCTTTCTTCTCTTCATTGAGTGGGAAGTGGTATTGGATCTTTTACTTTGAAAAAATTAGAGTGTTTCAAGCAGGCTTTATGCTATGAATACATTAGCATGGAATAATAATTTAGGACTTCGGTTCTATTTTGTTGGTTTCTAGGACTGAAGTAATGATTGATAGGGACAGTTGGGGGTGCTAGTATTCAGCGGCCAGAGGTGAAATTCTCGGATTCGCTGAAGACTAACTAATGCGAAAGCATTCACCAAGGATGTCTTCTTTAATCAAGAACGAAAGTTGGGGGATCGAAGACGATCAGATACCAT
1087;1087_7136_210;0;99.1;Eukaryota|Rhizaria|Cercozoa|Filosa-Sarcomonadea|Glissomonadida|Sandonidae|Sandona;>EU709163.1.1190_U;CTGCGGTAATTCCAGCTCCAATAGCGTATATTAAAGTTGCTGCAGTTAAAAAGCTCGTAGTTGGATTTCTGGGCATCAGTTTCTGGCCGGCCACGGTTTCGTGTGTTAGTGCTTGAAGCTTTGTCCATCCTTCCAATTGCTAGTCACTATTCTTCATTGAATGGTGATTAGTATTGGATCTTTTACTTTGAAAAAATTAGAGTGTTTCAAGCAGGCTTTATGCTATGAATACATTAGCATGGAATAATAATTTAGGACTTCGGTTCTATTTTGTTGGTTTCTAGGACTGAAGTAATGATTGATAGGGATAGTTGGGGGTGCTAGTATTCAGCGGCCAGAGGTGAAATTCTCGGATTCGCTGAAGACTAACTTATGCGAAAGCATTCACCAAGGATGTCTTCTTTAATCAAGAACGAAAGTTGGGGGATCGAAGACGATCAGATACCAT
1104;1104_7258_213;0;78.14;Eukaryota|Rhizaria|Cercozoa|Filosa-Imbricatea|Euglyphida|Paulinellidae|Paulinella;>FJ456918.1.1815_U;CCGCGGTAATTCCAGCTCCAGGCGCGTATTTTAAAATTGTTGCAGTTAAAAAGCTCGTAGTTGGATTTTTGTGTGGGATGGTGTGGGGGTGCGGGTGGGGATTTTCCCTACTCGTCACTCCCTCCCACCACACATTCGGGTCTGGTCGGCTTCGGCCTCCCAGCCCCACAATACTTTGAGAAAAAGAAAGTGTTCCAAGCAGTCTTTCGACCTGAATACATTAGCATGGAATATACACAACGGACTCCCGTCCTTGTGGTTGGTTTTTGGACCGAGTCATGATTGATAGGGACAGTTGGGGGTGCTCGTATTCCGTGAGGACAGGTGAAATTGAATGATCCACGGACGACGAACTACTGCGAAAGCATTCACCAAGGATGTCTTCTTTAATCAAGAACGAAAGTTGGAGGATCGAAGACGATCAGATACCAT
1107;1107_7293_280;0;99.53;Eukaryota|Amoebozoa|Breviatea|Breviatea_X|Breviatea_XX|Breviata-lineage|Breviata;>AF153206.1.1748_U;CCGCGGTAATTCCAGCTCCAATAGCGTATATTAATGCTGTTGCAGTTGAAACGCTCGTAGTTGGATTTCTGGATGAGACGCGTGGTCGGCCTCTGGCTGAACAACGCGGCTTGTCCTTTTGTCCAAGGAAGTTGCACGCAAGTGTGACTGACTTGGGCCAGTTACTTTGAGAAAATTAGGGTGTTCAAAGCAGGCCAATGCCTTGAATACGTTAGCATGGAATAACGGAATAGGACTTTGGTTCTATTTTGTTGGTGTCTAGGACCGAAGTAATGATTAATAGGGACAGTTGGGGGCATTCATATTTAATTGTCAGAGGTGAAATTCTTGGATTTATTAAAGATGAACTACTGCGAAAGCATTTGCCAAGGATGTTTTCATTAATCAAGAACGAAAGTTAGGGGATCGAAGACGATCAGATACCGT
1173;1173_7703_200;0;97.76;Eukaryota|Stramenopiles|Ochrophyta|Chrysophyceae|Chrysophyceae_X|Chrysophyceae_XX|Leukarachnion;>FJ356265.1.1730_U;CTGCGGTAATTCCAGCTCCAATAGCGTATATTAAAGTTGTTGCAGTTAAAAAGCTCGTAGTTGGATTTCTGGTCGGGACAGTCGGTCCGCCCCTCACGGGGTGTGCACCATGGCTTGTTTCGGCCATCCTCGGGGAGAACGTGTGCTGGCATTAAGTTGTCGGCGGCGGTATCCCCGTCATTTACTGTGAGCAAAATAGAGTGTTCAAAGCAGGCTTAAGCCGTTGAATACATTAGCATGGAATAATAAGATACGACCTTGGGTCTATTTTGTTGGTTTGCGGTCCGAGGTAATGATTAATAGGGATAGTTGGGGGTATTCGTATTCAATTGTCAGAGGTGAAATTCTTGGATTTATGGAAGACGAACTACTGCGAAAGCATTTACCAAGGATGTTTTCATTAATCAAGAACGAAAGTTAGGGGATCGAAGACGATCAGATACCGT
1214;1214_7949_161;0;99.33;Eukaryota|Rhizaria|Cercozoa|Filosa-Sarcomonadea|Glissomonadida|Sandonidae|Sandonidae_X;>EU709193.1.1278_U;CTGCGGTAATTCCAGCTCCAATAGCATATATTAAAGTTGCTGCAGTTAAAAAGCTCGTAGTTGGATTTCTGGCTTGAAACACTTAGCCGGCCACGGTTTCGTGTGTTAGTGCTTGGTGTTCTGGCCATCCTTCCAATTGCTATTCATCTTTCTTCATTGATGGGTGAGTGGTATTGGATCTTTTACTTTGAAAAAATTAGAGTGTTTCAAGCAGGCTTAATGCTATGAATACATTAGCATGGAATAATAATTTAGGACTTCGGTTCTATTTTGTTGGTTTCTAGGACTGAAGTAATGATTGATAGGGATAGTTGGGGGTGCTAGTATTCAGCGGCCAGAGGTGAAATTCTCGGATTCGCTGAAGACTAACTTATGCGAAAGCATTCACCAAGGATGTCTTCTTTAATCAAGAACGAAAGTTGGGGGATCGAAGACGATCAGATACCGT
1265;1265_8338_162;0;92.49;Eukaryota|Rhizaria|Cercozoa|Endomyxa-Phytomyxea|Plasmodiophorida|Plasmodiophoridae|Plasmodiophora;>U18981.1.3026_R;CCGCGGTAATTCCAGCTCCAATAGCGTATACTAAAGTTGTTGCAGTTAAAAAGCTCGTAGTTGGACATGTGTGCTCGGGCGCTTAGCGGTCTGCACTCAAAAGAGTGTCGCGACATGCGGCGCCCGTGCCGTAAAATCTTCAACTGGATCGCGCCTGGCCTTCACTGGCCCGGGCGCTGCCATTCGGTTGATCGTTTACTGTGAGAAAATTAGAGTGTTCAAGGCAGGCATGATTGCAATTGAATATGTTAGCATGGAATAATAAGATAAGGCTTCGGCTTTCTCTTTGTTGGTTTCTAAGGCCGAAGTAATGATTGATAGGGACAGTTGGGGGTGCTAGTATTCAGCGGCCAGAGGTGAAATTCATGGATTCGCTGAAGACTAACTTATGCGAAAGCATTCACCAAGGATGTCCTCTTTAATCAAGAACGAAAGTTGGGGGATCGAAGACGATTAGATACCAT
1297;1297_8573_135;0;97.76;Eukaryota|Amoebozoa|Lobosa|Tubulinea|Echinamoebida|Echinamoebidae|Echinamoeba;>AF293895.1.1827_U;CTGCGGTAATTCCAGCTCCAATAGCGTATATTAAAGTTGTTGCAGTTAAAAAGCTCGTAGTTGGATTTCGGAGTGTTCACGTTTCGCTGACCGCTGAAACGGCGTGTTTGGCGCGTGAATCTCCTCTTCTTGGGGATTCAAGTGGGTGGCGGGTAACACCGTCATTCGCTCCCCATCGTTTACTTTGAGAAAATTGGAGTGCTCAAAGCAGGCACAATCCTGCCTTGAACAATGCAGCATGGGATAATAGAACAGGACGAAGGTCCTATTTTGTTGGTTTCTAGGGCTTTTGTAATGATTAAAAGGGACAGTTGGGGGCATTCGTATTCAATTGTCAGAGGTGAAATTCTAGGATTAATTGAAGACGAACTACTGCGAAAGCATTTGCCAAGGATGTTTTCATTAATCAAGAACGAAAGTAGGGGGATCGAAGACGATCAGATACCAT
1327;1327_8764_149;0;98.9;Eukaryota|Rhizaria|Cercozoa|Filosa-Sarcomonadea|Filosa-Sarcomonadea_X|Filosa-Sarcomonadea_XX|Filosa-Sarcomonadea_XXX;>AM114812.1.1833_U;CTGCGGTAATTCCAGCTCCAATAGCGTATATTAAAGTTGCTGCAGTTAAAAAGCTCGTAGTTGAATTTCTGGCTTGGCAATTTTGGCCCGGTACGGTAACGTACTGTTTGTGCTGACTGTTGCCGGTCATCCTTCTGGGTTTAACGGATCTTTGCCCTTTACGGGGTTGAGGGTTCGCGAACCAGATCTTTTACTTTGAAAAAATTAGAGTGTTTAAAGCAGGCGTTTTGCTATGAATACATTAGCATGGAATAATAATTTAGGACTTTGGTTCTATTTTGTTGGTTCTAGAATTGAAGTAATGATTGATAAGGAGAGCCGGGGGCGCTCGTATTCAAGGGCCAGAGGTGAAATTCTTGGATTCCTTGAAGACGAACTCATGCGAAAGCGTTCGCCCAGTCTCTGCCTTTTAATCAAGAACGAAAGTTGGGGGATCGAAGACGATCAGATACCGT
1346;1346_8852_199;0;73.9;Eukaryota|Alveolata|Apicomplexa|Apicomplexa_X|Piroplasmida|Theileria-group|Theileria;>DQ866841.1.1752_U;CCGCGGTAATTCCAGCTCTAGTAGTGTATATTAAAATTGTTGTGGTTAAAAAGCTCGTATTTGAACGTTACATTTGTTGTTGGTTCCTCATATTATTTGAGCGTAATTATACAATGAATGGAGATGTTTAGTTTGTAATTTATTACTTACTAACACCTTACTTTGATAAAAATTGGTGGATCAAACAAGACTTTAAGTCTGAAAAATTTTGCATGGGATAAGAAAATATGGTTAATGTTTCATTTAGTGTCTATTGAAACGTAACAATGATAAAAAGGGACAGTTGGGGTCACTCATATTTAAGCGGGAGGGGTGAAATCCTAAGATCGTTTAAAGATGAACTAAAGCGAAAGCATTTGACAAATATGTTTTCATTGATCAAGAACGAAAGTTGGGGGAGCGAAGACGATTAGATACCAT
1347;1347_8855_117;0;96.9;Eukaryota|Amoebozoa|Lobosa|Lobosa_X|Lobosa_XX|LKM74-lineage|LKM74-lineage_X;>AJ130863.1.1670_U;CCGCGGTAATTCCAGCTCTAATAGCGTATATTAAAGTTGTTGCAGTTAAAAAGCTCGTAGTTGGATTTCGGCGTGCGCTCAGGCTGGTCGGCCGTCATGGTCTGTACCGTTTGGGTCACGCCCCACTGTAGGATACTCACCGCTGTCCTTAACTGGGTGGCGGTCAAAGGTTGTAGTACTTTCTGGGGGCAACTCTGGATACTATGACTGGGGTTCCTACTCTTTTACTTTGAGCAAATTAGAGTGTTCAAAGCAGGCAATCGAGCCTTGAATACTTCAGCATGGGATAATGGAACAGGACTGGGATCCTGATTTCGTTGGTTTCTAGGGTCTTAGTAATGATTAATAGGGATAGTTGGGGGCATTAGTATTTAATTGTCAGAGGTGAAATTCTTGGATTTATGAAAGACTAACTTCTGCGAAAGCATTTGCCAAGGATGTTTTCATTAATCAAGAACGAAAGTTAGGGGATCGAAGACGATCAGATACCGT
1410;1410_10135_178;0;100;Eukaryota|Rhizaria|Cercozoa|Filosa|Filosa_X|Filosa_XX|Filosa_XXX;>AB534506.1.1632_U;CCGCGGTAATTCCAGCTCCAATAGCGTATATTAAAGTTGCTGCAGTTAAAAAGCTCGTAGTTGGATTTCTGGCTTGGTGCGCCTGGCCCACCTCGGTTACGAGTGTGAGTGCCGGTGCGCGCCTGCCATCCATTCTAGAGATCCATCTCGCCCTTTACTGGGTTGGGGTGGCGATCTAGATCGATTACTTTGAAAAAATTAGAGTGTTTAAAGCAGGCGTTTGCTATGAATATATTAGCATGGAATAATAATTTAGGACTTCGGTTCTATTTTGTTGGTTTCTAGGACTGAAGTAATGATTGATAGGGATAGTTGGGGGTGCTAGTATTCAGTGGCCAGAGGTGAAATTCTTGGATTCACTGAAGACTAACTTATGCGAAAGCATTCACCAAGGATGTCTTCTTTAATCAAGAACGAAAGTTGGGGGATCGAAGACGATCAGATACCAT
1509;1509_9826_119;0;76.96;Eukaryota|Alveolata|Dinoflagellata|Dinophyceae|Peridiniales|Kryptoperidiniaceae|Unruhdinium;>AB353770.1.1740_U;CCGCGGTAATTCCAGCTCCAATAGTGTATATTAATGTTCCTGCAGTTATTCGATGCTCGTAGTTGGATTTCTGGAGGTTGAGACAGGAGGGCGGCTATGGCCGCCGCCAGTCTCTTCCTTCATCCACCTGTTAACGTTGTCCGAGATTCATTTCTCGGCTTCGGGCTCAGGTACTTTACCCTTTTTTCTATATATATTCATTTAGATCTTTTGAGCAAATTATAGTGTTTCAGGCAGGCGTGCGCCGGAATACATTAGCATGGAATAATCGAACAGGACTGTGTATTCTTATTTGTTGGTTATAAGTACACAGATGGTTAATAGGGATAGTAATTTTCACAGGGGAGGCATTAGTATTTAATTTCCAGAGGTGAAATTCTTTGAAATATTAAAGACTAACTTATGCGAAAGCATTTATTTTGCCAATAATGTTTTCATTAATCATTGAACGAAAGTTAGGGGATCAAAGACGATCAGATACCAT
1581;1581_10488_190;0;98.1;Eukaryota|Alveolata|Ciliophora|Litostomatea|Haptoria|Haptoria_X|Haptoria_XX;>AB725344.1.1735_U;CTGCGGTAATTCCAGCTCCAATAGCGTATATTAAAGTTGTTGCAGTTAAAAAGCTCGTAGTTGGATTTCAAGGGTCGCATCGGGGACAACCTGTATGCTCCCTACCAGTCTTTGACTGTTACTGTGAGAAAATTAGAGTGTTTCAAGCAGGCTGTTGCAGGAATACATTAGCATGGAATAACGAATGTGTCTAGAATCTTGGTTAATTCTAGATTGCGATTAATAGGGACAGTTGGGGGCATTAGTATTTAATTGTCAGAGGTGAAATTCTTGGATTTGTTAAAGACTAACGTATGCGAAAGCATTTGCCAAGGATGTTTTCATTAATCAAGAACGAAAGATAGGGGATCAAAGACGATCAGATACCGT
1633;1633_10817_128;0;99.78;Eukaryota|Rhizaria|Cercozoa|Filosa-Thecofilosea|Cryomonadida|Rhogostoma-lineage|Rhogostoma-lineage_X;>AB534501.1.1630_U;CTGCGGTAATTCCAGCTCCAAGAGCATATATTAAAGTTGTTGCAGTTAAAAAGCTCGTAGTTGGATTTCTGGTTTAATGCACCTGGCCCGCGGCCAATAGGCTTGTGAGTGCCGGTGTGCGTTTACCATCCTTCTAGAAAACGATTCTGCCATTAACTTGGTGGGATCGCGATCTAGATCTTTTACTTTGAAAAAATTAGAGTGTTTAAAGCAGGCGTAATGTCGGAATATATTAGCATGGAATAATAATCTAGGACTTCGGTTCTATTTTGTTGGTTTATAAAACTGAAGTAATGATTGATAGGGACAGTTGGGGGTGCTAGTATTGGCCGGCCAGAGGTGAAATTCTTGGATTCGGTCAAGACTAACTTATGCGAAAGCATTCACCAAGGATGTCTTCTTTAATCAAGAACGAAAGTTGGGGGATCGAAGACGATCAGATACCAT
1713;1713_11435_130;0;97.1;Eukaryota|Amoebozoa|Lobosa|Lobosa_X|Lobosa_XX|LKM74-lineage|LKM74-lineage_X;>AY919786.1.1863_U;CTGCGGTAATTCCAGCTCTAATAGCGTATATTAAAGTTGTTGCAGTTAAAAAGCTCGTAGTTGGATTTCGGCGTGCGCTCAGGCTGGTCGGCCGTCATGGTCTGTACCGTTTGGGTCACGCCCCACTGTAGGATACTCACCGCTGTCCTTAACTGGGTGGCGGTCAAAGGTTGTAGTACCCTCCTAGGGGCAACTCTGGGATATTACGACTGGGGTTCCTACTCTTTTACTTTGAGCAAATTAGAGTGTTCAAAGCAGGCAATCGAGCCTTGAATACTTCAGCATGGGATAATGGAACAGGACTGGGATCCTGATTTCGTTGGTTTCTAGGGTCTTAGTAATGATTAATAGGGATAGTTGGGGGCATTAGTATTTAATTGTCAGAGGTGAAATTCTTGGATTTATGAAAGACTAACTTCTGCGAAAGCATTTGCCAAGGATGTTTTCATTAATCAAGAACGAAAGTTAGGGGATCGAAGACGATCAGATACCGT
1726;1726_11521_218;0;96.68;Eukaryota|Amoebozoa|Lobosa|Tubulinea|Nolandida|Nolandellidae|Nolandellidae_X;>EF023499.1.1824_U;CTGCGGTAATTCCAGCTCCAATAGTGTATATTAAAGTTGCTGCGGTTAAAAAGCTCGTAGTTGGATTTCGGAACGCGTCTGGCCAAAGCTCGTCCTTGTGGCGTGGCTCGGCTGGTGCTTCCTATCGTTTGTGAGGCGGTTAAACGCTTTACAAATCATTTACTTTGAAAAAATTAGAGTGTTCAAAGCAGGCGTAACCTTGCCATTGAATATTACAGCATGGGATAATAGAATATGACGTTGGTCTTATTTTGTTGGTTTCTAAGGCTGATGTAATGATTAATAGGGATAGTTGGGGTCGCTCGTATTGAGTTGTCAGAGGTGAAATTCTAGGATTTACTCAAGACGAACTAGTGCGAAAGCATTCGACAAGGATGTTTTCATTAATCAAGAACGAAAGTTGGGGGATCGAAGACGATCAGATACCGT
1752;1752_11662_181;0;96.68;Eukaryota|Rhizaria|Cercozoa|Filosa-Imbricatea|Thaumatomonadida|Peregriniidae|Peregrinia;>DQ211593.1.1799_U;CTGCGGTAATTCCAGCTCCAATAGCGTATATTAAAGTTGTTGCAGTTAAAAAGCTCGTAGTTGGATTTCTGGTTAGGTGCGCTTGGCCCGCCACCGTCAGGTGCGTGAGTGCCGATGCGCGCCTGCCATCTTGTCGTCTGGAGAACGTTCCTGCCCTTTACTGGGTTGGGTTCGCAATCCAGAATTTTTACTTTGAAAAAATTAGAGTGTTTAAAGCAGGCGTCTGTTGCTGTGAATATATTAGCATGGAATAATAACTTAGGGCTTCTGTCTTATTTTGTTGGTTTCTAAGACTAGAAGTAATGGTTGATAGGGACAGTTGGGGGTGCTAGTATTCAGCGGCCAGAGGTGAAATTCTTGGATTCGCTGAAGACTAACTTATGCGAAAGCATTCACCAAGGATGTCTTCTTTAATCAAGAACGAAAGTTGGGGGATCGAAGACGATTAGATACCAT
1810;1810_12038_85;0;90.34;Eukaryota|Amoebozoa|Lobosa|Tubulinea|Echinamoebida|Echinamoebidae|Echinamoeba;>AJ489261.1.1849_U;CTGCGGTAATTCCAGCTCCAATAGCGTATATGAAAGTTGTTGCAGTTAAAAAGCTCGTAGTTGGATTTCGGATTGCTCAGGATGTGGTCCGCCGAAACGGCGTGTATCGCGCTTGGGTATCCTTCCTTGGGGACAAAAGTAGATAGTTTTTGGGTGGTCATCAAGCAATTGGTGGTCATTCAGGGCTATCCACTCCCCATCGTTTACTTTGAGAAAATTAGAGTGTTCAAAGCAGGCGTAACCCGGCCTTGAATACTGTAGCATGGAATAATAAAAGAGGACGAGAGTCTTATTTTGTTGGTTTCTAGGGCTTTTGTAATGATTAAAAGGGACAGTTGGGGGCATTTGTATTCAGTTGTCAGAGGTGAAATTCTAGGATTAACTGAAGACAAACTACTGCGAAAGCATTTGCCAAGGATGTTTTCATTAATCAAGAACGAAAGTAGGGGGATCGAAGACGATCAGATACCAT
1818;1818_12089_127;0;98.65;Eukaryota|Rhizaria|Cercozoa|Filosa-Thecofilosea|Cryomonadida|Rhogostoma-lineage|Rhogostoma-lineage_X;>AB534501.1.1630_U;CTGCGGTAATTCCAGCTCCAAGAGCATATATTAAAGTTGTTGCAGTTAAAAAGCTCGTAGTTGGATTTCTGGTTTAATGCACCTGGCCCGCGGCCATTAGGCTTGTGAGTGCCGGAGTGCGTTTACCATCCTTCTAGAAAACGATTCTGCCATTAACTTGGTGGGATCGCGATCTAGATCTTTTACTTTGAAAAAATTAGAGTGTTTAAAGCAGGCGAAATGTCGGAATATATTAGCATGGAATAATAATCTAGGACTTCGGTTCTATTTTGTTGGTTTATAAGACTGAAGTAATGATTGATAGGGACAGTTGGGGGTGCTAGTATTGGCCGGCCAGAGGTGAAATTCTTGGATTCGGTCAAGACTAACTTATGCGAAAGCATTCACCAAGGATGTCTTCTTTAATCAAGAACGAAAGTTGGGGGATCGAAGATGATCAGATACCGT
1819;1819_12098_151;0;98.65;Eukaryota|Rhizaria|Cercozoa|Filosa-Thecofilosea|Cryomonadida|Rhogostoma-lineage|Rhogostoma-lineage_X;>AB534501.1.1630_U;CTGCGGTAATTCCAGCTCCAAGAGCATATATTAAAGTTGTTGCAGTTAAAAAGCTCGTAGTTGGATTTCTGGTTTAATGCACCTGGCCCGCGGCCAATAGGCTTGTGAGTGCCGGAGTGCGTTTACCATCCTTCTAGAAAACGATTCTGCCATTAACTTGGTGGGATCGCGATCTAGATCTTTTACTTTGAAAAAATTAGGGTGTTTAAAGCAGGCGAAATGTCGGAATATATTAGCATGGAATAATAATCTAGGACTTCGGTTCTATTTTGTTGGTTTATAAGACTGAAGTAATGATTGATAGGGACAGTTGGGGGTGCTAGTATTGGCCGGCCAGAGGTGAAATTCTTGGATTCGGTCAAGACTAACTTATGCGAAAGCATTCACCAAGGATGTCTTCTTTAATCAAGAACGAAAGTTGGGGGATCGAAGATGATCAGATACCGT
1909;1909_12849_87;0;96.49;Eukaryota|Amoebozoa|Lobosa|Lobosa_X|Lobosa_XX|LKM74-lineage|LKM74-lineage_X;>AY919786.1.1863_U;CTGCGGTAATTCCAGCTCTAATAGCGTATATTAAAGTTGTTGCAGTTAAAAAGCTCGTAGTTGGATTTCGGCGTGCGCTCAGGCTGGTCGGCCGTCATGGTCTGTACCGTTTGGGTCACGCCCCACTGTAGGATACTCACCGCTGTCCTTAACTGGGTGGCGGTCAAAGGTTGTAGTACCTCCTAGGGGCAACTCTAGGATATTATGACTGGGGTTCCTACTCTTTTACTTTGAGCAAATTAGAGTGTTCAAAGCAGGCAATCGAGCCTTGAATACTTCAGCATGGGATAATGGAACAGGACTGGGATCCTGATTTCGTTGGTTTCTAGGGTCTTAGTAATGATTAATAGGGATAGTTGGGGGCATTAGTATTTAATTGTCAGAGGTGAAATTCTTGGATTTATGAAAGACTAACTTCTGCGAAAGCATTTGCCAAGGATGTTTTCATTAATCAAGAACGAAAGTTAGGGGATCGAAGACGATCAGATACCGT
1910;1910_12850_124;0;96.07;Eukaryota|Amoebozoa|Lobosa|Lobosa_X|Lobosa_XX|LKM74-lineage|LKM74-lineage_X;>AJ130863.1.1670_U;CTGCGGTAATTCCAGCTCTAATAGCGTATATTAAAGTTGTTGCAGTTAAAAAGCTCGTAGTTGGATTTCGGCGTGCGCTCAGGCTGGTCGGCCGTCATGGTCTGTACCGTTTGGGTCACGCCCCACTGTAGGATACTCACCGCTGTCCTTAACTGGGTGGCGGTCAAAGGTTGTAGGATGCTCGGGGGCAACTCTGACACTTGCAGCTGGGGTTCCTACTCTTTTACTTTGAGCAAATTAGAGTGTTCAAAGCAGGCAATCGAGCCTTGAATACTTCAGCATGGGATAATGGAACAGGACTGGGATCCTGATTTCGTTGGTTTCTAGGGTCTTAGTAATGATTAATAGGGATAGTTGGGGGCATTAGTATTTAATTGTCAGAGGTGAAATTCTTGGATTTATGAAAGACTAACTTCTGCGAAAGCATTTGCCAAGGATGTTTTCATTAATCAAGAACGAAAGTTAGGGGATCGAAGACGATCAGATACCAT
1913;1913_12882_91;0;89.71;Eukaryota|Rhizaria|Cercozoa|Filosa-Imbricatea|Euglyphida|Euglyphida_X|Euglyphida_XX;>AY620296.1.1266_U;CTGCGGTAATTCCAGCTCCAGTAGCGTATATTAACGTTGCTGCAGTTAAAAAGCTCGTAGTTGGATTTCTGGCTGGTCGCTCTGACCCGGTGTCGTCCCCTCGTGGGGCGTCTGCTGTGTGTCGGAACTGACCTTCCATCCTTTCTGGATAGCCTCGCGTACTGTTTACTCAGTTGCGCGATGTTTTGCGATCCAGATCTTTTACTTTGAAAAAATTAGAGTGTTTAAAGCAGGCTTACGCCGTGAATACATTAGCATGGAATAATAATATAGGACTTTGGTTCTATTTTGTTGGTTTCTAGGACTAAAGTAATGATTGATAGGGATAGTTGGGGGTGCTAGTATTCAGCGGCCAGAGGTGAAATTCTTGGATTCGCTGAAGACTAACTACTGCGAAAGCATTCACCAAGGATGTCTTCTTTAATCAAGAACGAAAGTTGGGGGATCGAAGACGATTAGATACCGT
2035;2035_13667_182;0;79.49;Eukaryota|Stramenopiles|Ochrophyta|Bacillariophyta|Bacillariophyta_X|Raphid-pennate|Achnanthes;>AJ535150.1.1787_U;CTGCGGTAATTCCAGCTCCAATAAGGAACATTAAATTTGTTGCAGTTAAAAAGCTCGTAGTTGAATTTCTGCGCGTCGTCGTGAGGCCGCGCTGGTGCAAACCAGCGCGCGTCCTTACCGCGCGCATGCTCGCGTTGACCCTTGGTTGTTTACTCGACCTCGCGGAAGGCGCGTCTTTTACTGTGAACAAAACGAAGCGTTCATGGCAGGCTTTGAGCTTGAACGAATCGCACGGAATAATGAAAACGGCCTCGCTCGTTTTCGTTGGTTCGCGAATGAGGTTATTGGTTAACAGGAACAGTTGGGGGTATTCGTACTTCAACGCTAGAGGTGAAATTCTTGGATTGTTGAATGACGAACGACTGCGAAGGCATTTACCAAGGATGTTTTCATTAATCAAGAACGAAAGTTTGGGGATCGAAGACGATCAGATACCGT
2168;2168_14592_120;0;85.24;Eukaryota|Rhizaria|Cercozoa|Filosa-Sarcomonadea|Glissomonadida|Sandonidae|Sandona;>AY905499.1.2379_R;CTGCGGTAATTCCAGCTTCAGTAGCATATATTAAAGTTGTTGCAGTTAAAAAGCTCGTAGTTGGATTTCTGGACGAAGCGCTCGCCGCCGCCGCTTTCGCGGTGTGCTGGTGAGCTTTGCATCGTCCATCCTCCGGTGTCGAGGTCCCTGGTCCTTGATTGGGTCAGGGTTACCTGGCGGGCCGTAAAACAGCCCGCCTCTCGCCCGGTCTTTTACTTTGAAGAAATTAGAGTGTTTAAAGCAGGCTCGGTGCCGTTTGAATACATTAGCATGGAATAATGATCTAGGACTTCGGTTCTATTTTGTTGGTTTCTAGGATTGGAGTAATGATTGATAGGGACAGTTGGGGGTGCTAGTATTCAGAGGCCAGCAGTGAAATGCGATGATTCTCTGAGGACTAACTTATGCGAAAGCATTCACCAAGGATGTCTTCTTTAATCAAGAACGAAAGTTGGGGGATCGAAGACGATCAGATACCGT
2196;2196_14735_75;0;99.54;Eukaryota|Alveolata|Ciliophora|Oligohymenophorea|Scuticociliatia|Cyclidiidae|Cyclidium;>DQ442842.1.908_U;CTGCGGTAATTCCAGCTCCACTAGCGTATATTAAAGTTGTTGCAGTTAAAAAGCTCGTAGTTGAACTTCTGGTTGTGCGCCAGTGGTCGGTCATCGATCGCCCTGGGTGCAGCCATCCGTCTGCAAACTTTTACATCCTTAACTGGTTTGTCTAAGGGAGCAGGCATTTTACTTTGAAAAAATTAGAGTGTTTAAGGCAGGCACTAGCCGCTGAATACATTAGCATGGAATAATGGAATAGGACGCTTTGTCCATTTGATTGGTTATTGGACTTGCGTAATGATTAATAGGGACAGTTGGGGGCATTAGTATTTAATTGTCAGAGGTGAAATTCTTGGATTTATTAAAGACTAACTTATGCGAAAGCATTTGCCAAGGATGTTTTCATTAATCAAGAACGAAAGTTAGGGGATCAAAGACGATTAGATACCGT
2558;2558_17300_152;0;95.51;Eukaryota|Stramenopiles|Ochrophyta|Chrysophyceae|Chrysophyceae_X|Chrysophyceae_XX|Leukarachnion;>FJ356265.1.1730_U;CTGCGGTAATTCCAGCTCCAATAGCGTATATTAAAGTTGTTGCAGTTAAAAAGCTCGTAGTTGGATTTCTGGTCGGAGCGGTCGGTCCGCCCTTTACGGGGTGTGTACCATGTCCAGCTTCGGCCATCCTCGAGGAGAGCGTAGCTGGCATTAAGTTGTCGGTTGCGGGATCCTCGTCATTTACTGTGAGCAAAATAGAGTGTTCAAAGCAGGCTTATGCCGTTGAATACATTAGCATGGAATAATAAGATACGACCTTGGGTCTATTTTGTTGGTTTGCGGTCCGAGGTAATGATTAATAGGGATAGTTGGGGGTATTCGTATTCAATTGTCAGAGGTGAAATTCTTGGATTTATGGAAGACGAACTACTGCGAAAGCATTTACCAAGGATGTTTTCATTAATCAAGAACGAAAGTTAGGGGATCGAAGACGATCAGATACCGT
2907;2907_19668_90;0;89.84;Eukaryota|Amoebozoa|Lobosa|Tubulinea|Nolandida|Nolandellidae|Nolandellidae_X;>AY821961.1.1519_U;CTGCGGTAATTCCAGCTCTAGTAGTGTATGTTGAAGTTGCTGCAGTTAAAAAGCTCGTAGTTGGATTTCGGAACGCGGATGTCAAAGTCCGTCTCAACGGCGTGGCTCGACGTCCGCTTCCTATCTTTGGGTAATGGCCCTCTTCCTTCACGGGTTGGGGTGTCCGTTCCCAATCATTTACTTTGAAAAAATTCGCGCGCTCAAGGCAGGCGTATGGCCATGTAGACTACAGCATGGGATAATAGAATATGACCTCGGTCTTATTTTGTTGGTTTCTTTGGCTGAGGTAATGATTAAGAGGAGTGATTGGGGCCGCTCGGACTCAACGGCTAGAGGTGAAAATCTAGGATTCGTTGATGACGATCTACAGCGAAAGCATTCGGCAAGGACGCTTTCATTGATCAAGAACGAAAGTTGGGGGATCGAAGATGATTAGATACCAT
2949;2949_19902_56;0;75.24;Eukaryota|Amoebozoa|Lobosa|Tubulinea|Nolandida|Nolandellidae|Nolandellidae_X;>HM628644.1.1596_U;CTGCGGTAATTCCAGCTCCAATAGTGTATATTAAAGTTGTTGCGGTTAAAAAGCTCGTAGTCGGAGATGGAATTGGGGTGTGGGTGGATGTATTTTAGGATACGTTCATCTCGCTTCATATCTATTTGGATGATGCATTTATGTATTATCCTTTTTTACTGTGAGTAAAAGCAATTGCTCAAAGAAGACTTTTTTTTAGTCTGAAGCATACAGCATGGGATAATGAAATAAGACATTTAGTTTTAATTTGTTGGTTTCTAAAGCTAAAAGTAATGATTAATAGGGATAGCTGGGGCTGCTCGTATTCTGTGCGAAGAGGTGAAATTCTATGATTCACAGAAGACGAACTGATGCGAAAGCGTTCAGCATGAATGTTTTCATTGATCAAGAACGAAAGTTGGGGGATCGAAGACGATCAGATACCAT
2953;2953_19917_181;0;98.1;Eukaryota|Amoebozoa|Lobosa|Tubulinea|Nolandida|Nolandellidae|Nolandellidae_X;>EF023499.1.1824_U;CTGCGGTAATTCCAGCTCCAATAGTGTATATTAAAGTTGCTGCGGTTAAAAAGCTCGTAGTTGGATTTCGGAATGCGTTCGGTCAAAGCTCGTCCTTGTGGCGTGGCTCGATTGATGCTTCCTATCTTTTGTGGGGCGGTCAAACGCTTTACAAATCATTTACTTTGAAAAAATTAGAGTGTTCAAAGCAGGCGTAACCTTGCCATTGAATATTACAGCATGGGATAATAGAATATGACGTTGGTCTTATTTTGTTGGTTTCTAAGGCTGATGTAATGATTAATAGGGATAGTTGGGGTCGCTCGTATTGAGTTGTCAGAGGTGAAATTCTAGGATTTACTCAAGACGAACTAGTGCGAAAGCATTCGACAAGGATGTTTTCATTAATCAAGAACGAAAGTTGGGGGATCGAAGATGATCAGATACCAT
2959;2959_19959_98;0;92.77;Eukaryota|Amoebozoa|Lobosa|Tubulinea|Leptomyxida|Flabellulidae|Paraflabellula;>EU852658.1.1866_U;CTGCGGTAATTCCAGCTCCAATAGTGTATACTAATGTTGCTGCAGTTAAAAAGCTCGTAGTTGGATTTCGGTTAATAGAGAGGTAGTCTACTTTTTTACAAGTACGCACTGCCAATCTGTTTCCTTCTTTTCGGTAACAAATTTATTTGTTCCGAATCTTTTACTTTGAAAAAATTAGAGTGTTCAAAGCAGGCGTATTTTGCCTTTGAATATATTAGCATGGGATAATGAAATAAGACTTTTTGCCTTATTCTCGTTGGTTCTTGGGGCTAAAGTAATGATTAATAGGGATAGATGGGGTCATTCATATTTAATTGTCAGAGGTGAAATTCTAAGATTAATTAAAGATGAACTACTGCGAAAGCATTTGACAAGGATGTTTTCATTAATCAAGAACGAAAGTTAGGGGATCGAAGATGATCAGATACCGT
3157;3157_21071_61;0;80.31;Eukaryota|Amoebozoa|Lobosa|Tubulinea|Leptomyxida|Rhizamoeba-saxonica-lineage|Rhizamoeba;>EU719197.1.1899_U;CTGCGGTAATTCCAGCTCCAATAGCGTATATTAAAGTTGCTGCAGTTGAAAAGCTCGTAGTTGGATTTGGAGAAGCGTTGATGTTGCGACGCCGAAATGGTGTTAGCGAGTCTCCGCTCTCTATTGGTTCAGTAAGTTGGCGGTGTCATTTATTTGGCGTCGTCAAGTTCTGGATCTTGTTACTTTGAAAAAATTAGGGTGTTCAAAGCAGGCGTTTACTTGCCTTGAATAGATTAGCATGGGATAACAGAATAGGATGGCGAGTCATATTTTGTTGGTTTCTATGGCTTCCGTAATGGTTAATAGGGATAGTCGGGGTTGCTCGTATTAAATTGTCAGAGGTGAAATTCTAAGATTTGTTTAAGACGAACTAATGCGAAAGCATTCAACAAGGATGTTTTCATTAATCAAGAACGAAAGTTAGGGGCGCGAAGACGATCAGATACCGT
3169;3169_21154_66;0;98.21;Eukaryota|Rhizaria|Cercozoa|Filosa-Sarcomonadea|Glissomonadida|Sandonidae|Sandonidae_X;>EU709204.46.1524_U;CTGCGGTAATTCCAGCTCCAATAGCGTATATTAAAGTTGCTGCAGTTAAAAAGCTCGTAGTTGGATTTCTGGCTTGAAACATTAAGCCGGCCACGGTTTCGTGTGTTAGTGCTTGGTGTTCTGGCCATCCTTCCAATCGCTGCAGGCCTTTCTTCATTGATAGGTCGGTAGTATTGGATCTTTTACTTTGAAAAAATTAGAGTGTTTCAAGCAGGCTTTATGCTATGAATACATTAGCATGGAATAATGATTTAGGACTTCGGTTCTATTTTGTTGGTTTCTAGGACTGAAGTAATGATTGATAGGGATAGTTGGGGGTGCTAGTATTCAGCGGCCAGAGGTGAAATTCTCGGATTCGCTGAAGACTAACTTATGCGAAAGCATTCACCAAGGATGTCTTCTTTAATCAAGAACGAAAGTTGGGGGATCGAAGACGATTAGATACCGT
3208;3208_21382_156;0;79.46;Eukaryota|Amoebozoa|Conosa|Variosea|Variosea_X|Schizoplasmodiids|Ceratiomyxella;>FJ544419.1.1883_U;CTGCGGTAATTCCAGCTCCAATAGCATATATTAAAGTTGCTATAGTTAAAAAGCTCGTAGTCGAATTTTTGGGTTAGGTTGGTCCGGTCTGCCGGGAGGTGTGCACTGATCGACCTTCCCATTCTTCTGGACAGTCCCAGACTGCTCTTAGCTGAGTGGTGTGGTGACTCCAGATCGTTTACTTTGAAGAAATTAGAGTGTTCAAAGCAGGCTTTTTAAGCCTTTGCATAGTTTAGCTAGGGATAATCGAACAGGACTCATTCTTGGTTTGATTGGCTTTGCAAGAGAGAGTAATGATTAAAAGGATCAGTCGGGGACGTTTGTACTCGGGCGGGAGAGGTGAAATTCTTAGATCGTCTGAAGACAAACTTCTGCGAAAGCATTCGTCAAGGATGTATTCATTGATCAAGAACGAAAGTTAGGGGATCGAAGATGATTAGATACCGT
3233;3233_21533_120;0;98.88;Eukaryota|Rhizaria|Cercozoa|Filosa-Thecofilosea|Cryomonadida|Rhogostoma-lineage|Rhogostoma-lineage_X;>EF100284.1.1355_U;CTGCGGTAATTCCAGCTCCAAGAGCATATATTAAAGTTGTTGCAGTTAAAAAGCTCGTAGTTGAACTTCTTATAAATGCACCTGGCCCGCGGCCCTCAAGGCTTGTGTGTGCCGGAGCGCATTTATAATCCTTCTAGAAAACGATTCTGCCATTAACTTGGTGGGGTCGCGATCTAGAACATTTACTTTGAAAAAATTAGAGTGTTTAAAGCAGGCGGAAAGTCATAAATACATTAGCATGGAATAATAATCTAGGACTTCGGTTCTATTTTGTTGGTTTCTATAACTGAAGTAATGATTGATAGGGACAGTTGGGGGTGCTAGTATTGGCCGGCCAGAGGTGAAATTCTTGGATTCGGTCAAGACTAACTTATGCGAAAGCATTCACCAAGGATGTCTTCTTTAATCAAGAACGAAAGTTGGGGGATCGAAGACGATTAGATACCGT
3990;3990_26682_120;0;97.3;Eukaryota|Rhizaria|Cercozoa|Filosa-Imbricatea|Euglyphida|Euglyphida_X|Euglyphida_XX;>KF219445.1.1064_U;CCGCGGTAATTCCAGCTCCAGTAGCGTATATTAAAGTTGTTGCAGTTAAAAAGCTCGTAGTTGGATTTCTGGTTGACCATCCTGGCCCGCGTCCTCACGGGCGTGTGTGCTGGTGTGAGTCTTCCATCCTTCTAGAGAGCCGTGCCTGCTGTTCACTCAGCTGGGCATGTGCGATCTAGATCATTTACTTTGAAAAAATTAGAGTGTTTAAAGCAGGCTTATGCCAGAATACATTAGCATGGAATAATAAAATAGGACTTTGGTTCTATTTTGTTGGTTTCTAGAACTGAAGTAATGATTGATAGGGATAGTTGGGGGTGCTAGTATTCAGCGGCCAGAGGTGAAATTCTTGGATTCGCTGAAGACTAACTACTGCGAAAGCATTCACCAAGGATGTCTTCTTTAATCAAGAACGAAAGTTGGGGGATCGAAGACGATCAGATACCAT
